instanceType,enhancedNetworkingSupported,intelTurboAvailable,memory,dedicatedEbsThroughput,vcpu,classicnetworkingsupport,storage,intelAvx2Available,physicalProcessor,clockSpeed,ecu,networkPerformance,vpcnetworkingsupport,tenancy,normalizationSizeFactor,intelAvxAvailable,processorFeatures,licenseModel,currentGeneration,preInstalledSw,processorArchitecture,Hypervisor,MaximumThroughputInMBps,MaximumIops
t3.micro,No,Yes,1 GiB,Up to 2085 Mbps,2,false,EBS only,Yes,Intel Skylake E5 2686 v5,3.1 GHz,Variable,Up to 5 Gigabit,true,Shared,0.5,Yes,AVX; AVX2; Intel AVX; Intel AVX2; Intel AVX512; Intel Turbo,No License required,Yes,NA,64-bit,nitro,260.625,11800
c5d.18xlarge,Yes,Yes,144 GiB,9000 Mbps,72,false,2 x 900 NVMe SSD,Yes,Intel Xeon Platinum 8124M,3 GHz,281,25 Gigabit,true,Shared,144,Yes,Intel AVX; Intel AVX2; Intel AVX512; Intel Turbo,No License required,Yes,SQL Ent,64-bit,nitro,2375.0,80000
g3.4xlarge,Yes,Yes,122 GiB,3500 Mbps,16,false,EBS only,Yes,Intel Xeon E5-2686 v4 (Broadwell),2.3 GHz,58,Up to 10 Gigabit,true,Shared,32,Yes,Intel AVX; Intel AVX2; Intel Turbo,No License required,Yes,NA,64-bit,xen,437.5,20000
r5b.metal,Yes,No,768 GiB,60 Gbps,96,false,EBS only,No,Intel Xeon Platinum 8259 (Cascade Lake),3.1 GHz,NA,25 Gigabit,true,Shared,192,Yes,,No License required,Yes,NA,64-bit,nitro,7500.0,260000
i3en.3xlarge,Yes,Yes,96 GiB,Up to 3500 Mbps,12,false,1 x 7500 NVMe SSD,Yes,Intel Xeon Platinum 8175,3.1 GHz,NA,Up to 25 Gigabit,true,Shared,24,Yes,Intel AVX; Intel AVX2; Intel AVX512; Intel Turbo,No License required,Yes,SQL Web,64-bit,nitro,593.75,20000
c4.4xlarge,Yes,Yes,30 GiB,2000 Mbps,16,false,EBS only,Yes,Intel Xeon E5-2666 v3 (Haswell),2.9 GHz,62,High,true,Shared,32,Yes,Intel AVX; Intel AVX2; Intel Turbo,No License required,Yes,NA,64-bit,xen,250.0,16000
inf1.24xlarge,No,No,192 GiB,14000 Mbps,96,false,EBS only,No,Intel Xeon Platinum 8275CL (Cascade Lake),,NA,100 Gigabit,true,Shared,NA,No,,No License required,Yes,SQL Web,64-bit,nitro,2375.0,80000
u-12tb1.112xlarge,Yes,Yes,12288 GiB,38000 Mbps,448,false,EBS only,Yes,Intel Xeon Scalable (Skylake),,NA,100 Gigabit,true,Shared,NA,Yes,Intel AVX; Intel AVX2; Intel Turbo,No License required,Yes,NA,64-bit,nitro,4750.0,160000
m5dn.12xlarge,No,No,192 GiB,7000 Mbps,48,false,2 x 900 GB NVMe SSD,No,Intel Xeon Platinum 8259 (Cascade Lake),3.1 GHz,NA,50 Gigabit,true,Shared,96,No,,No License required,Yes,SQL Ent,64-bit,nitro,1187.5,40000
inf1.xlarge,No,No,8 GiB,875 Mbps,4,false,EBS only,No,Intel Xeon Platinum 8275CL (Cascade Lake),,NA,Up to 25 Gigabit,true,Shared,NA,No,,No License required,Yes,NA,64-bit,nitro,593.75,20000
m6i.24xlarge,Yes,Yes,384 GiB,30000 Mbps,96,false,EBS only,Yes,Intel Xeon 8375C (Ice Lake),3.5 GHz,NA,37500 Megabit,true,Shared,192,Yes,Intel AVX; Intel AVX2; Intel AVX512; Intel Turbo,No License required,Yes,SQL Ent,64-bit,nitro,3750.0,120000
r6i.xlarge,Yes,Yes,32 GiB,Up to 10000 Mbps,4,false,EBS only,Yes,Intel Xeon 8375C (Ice Lake),3.5 GHz,NA,Up to 12500 Megabit,true,Shared,8,Yes,Intel AVX; Intel AVX2; Intel AVX512; Intel Turbo,No License required,Yes,SQL Ent,64-bit,nitro,1250.0,40000
c5n.xlarge,Yes,Yes,10.5 GiB,Up to 3500 Mbps,4,false,EBS only,Yes,Intel Xeon Platinum 8124M,3 GHz,20,Up to 25 Gigabit,true,Shared,8,Yes,Intel AVX; Intel AVX2; Intel AVX512; Intel Turbo,No License required,Yes,SQL Ent,64-bit,nitro,593.75,20000
m5.12xlarge,Yes,Yes,192 GiB,7000 Mbps,48,false,EBS only,Yes,Intel Xeon Platinum 8175,3.1 GHz,168,10 Gigabit,true,Shared,96,Yes,Intel AVX; Intel AVX2; Intel AVX512; Intel Turbo,No License required,Yes,NA,64-bit,nitro,1187.5,40000
m5.4xlarge,Yes,Yes,64 GiB,2120 Mbps,16,false,EBS only,Yes,Intel Xeon Platinum 8175,3.1 GHz,70,Up to 10 Gigabit,true,Shared,32,Yes,Intel AVX; Intel AVX2; Intel AVX512; Intel Turbo,No License required,Yes,SQL Std,64-bit,nitro,593.75,18750
c6gn.medium,Yes,No,2 GiB,Up to 9500 Mbps,1,false,EBS only,No,AWS Graviton2 Processor,2.5 GHz,NA,Up to 25 Gigabit,true,Shared,2,No,,No License required,Yes,NA,64-bit,nitro,1187.5,40000
i4i.16xlarge,Yes,Yes,512 GiB,20000 Mbps,64,false,4 x 3750 NVMe SSD,Yes,Intel Xeon 8375C (Ice Lake),3.5 GHz,NA,37500 Megabit,true,Shared,128,Yes,Intel AVX; Intel AVX2; Intel AVX512; Intel Turbo,No License required,Yes,SQL Web,64-bit,nitro,2500.0,80000
r3.2xlarge,Yes,Yes,61 GiB,,8,true,1 x 160 SSD,No,Intel Xeon E5-2670 v2 (Ivy Bridge),2.5 GHz,26,High,true,Shared,16,Yes,Intel AVX; Intel Turbo,No License required,No,SQL Web,64-bit,xen,125.0,8000
c6g.2xlarge,Yes,No,16 GiB,Up to 4500 Mbps,8,false,EBS only,No,AWS Graviton2 Processor,2.5 GHz,NA,Up to 10 Gigabit,true,Shared,16,No,,No License required,Yes,NA,64-bit,nitro,593.75,20000
t3.2xlarge,No,Yes,32 GiB,Up to 2780 Mbps,8,false,EBS only,Yes,Intel Skylake E5 2686 v5,3.1 GHz,Variable,Up to 5 Gigabit,true,Shared,16,Yes,AVX; AVX2; Intel AVX; Intel AVX2; Intel AVX512; Intel Turbo,No License required,Yes,SQL Ent,64-bit,nitro,347.5,15700
m4.2xlarge,Yes,Yes,32 GiB,1000 Mbps,8,false,EBS only,Yes,Intel Xeon E5-2676 v3 (Haswell),2.4 GHz,26,High,true,Shared,16,Yes,Intel AVX; Intel AVX2; Intel Turbo,No License required,Yes,SQL Std,64-bit,xen,125.0,8000
r5b.4xlarge,Yes,No,128 GiB,10 Gbps,16,false,EBS only,No,Intel Xeon Platinum 8259 (Cascade Lake),3.1 GHz,NA,Up to 10 Gigabit,true,Shared,32,Yes,,No License required,Yes,SQL Std,64-bit,nitro,1250.0,43333
c5a.8xlarge,Yes,No,64 GiB,3170 Mbps,32,false,EBS only,No,AMD EPYC 7R32,2.8 GHz,NA,10 Gigabit,true,Shared,64,No,AMD Turbo; AVX; AVX2,No License required,Yes,SQL Ent,32-bit or 64-bit,nitro,396.25,13300
r6i.8xlarge,Yes,Yes,256 GiB,10000 Mbps,32,false,EBS only,Yes,Intel Xeon 8375C (Ice Lake),3.5 GHz,NA,12500 Megabit,true,Shared,64,Yes,Intel AVX; Intel AVX2; Intel AVX512; Intel Turbo,No License required,Yes,SQL Ent,64-bit,nitro,1250.0,40000
r6g.xlarge,Yes,No,32 GiB,Up to 4500 Mbps,4,false,EBS only,No,AWS Graviton2 Processor,2.5 GHz,NA,Up to 10 Gigabit,true,Shared,8,No,,No License required,Yes,NA,64-bit,nitro,593.75,20000
m5.8xlarge,Yes,Yes,128 GiB,5000 Mbps,32,false,EBS only,Yes,Intel Xeon Platinum 8175,3.1 GHz,128,10 Gigabit,true,Shared,64,Yes,Intel AVX; Intel AVX2; Intel AVX512; Intel Turbo,No License required,Yes,SQL Web,64-bit,nitro,850.0,30000
r5.8xlarge,Yes,Yes,256 GiB,6800 Mbps,32,false,EBS only,Yes,Intel Xeon Platinum 8175,3.1 GHz,128,10 Gigabit,true,Shared,64,Yes,Intel AVX; Intel AVX2; Intel AVX512; Intel Turbo,No License required,Yes,NA,64-bit,nitro,850.0,30000
c5ad.large,Yes,No,4 GiB,Up to 3170 Mbps,2,false,1 x 75 NVMe SSD,No,AMD EPYC 7R32,2.8 GHz,NA,Up to 10 Gigabit,true,Shared,4,No,AMD Turbo; AVX; AVX2,No License required,Yes,NA,64-bit,nitro,396.25,13300
t2.large,No,Yes,8 GiB,,2,false,EBS only,No,Intel Xeon Family,Up to 3.3 GHz,Variable,Low to Moderate,true,Shared,4,Yes,Intel AVX; Intel Turbo,No License required,Yes,NA,64-bit,xen,50,100
r5a.4xlarge,Yes,No,128 GiB,Up to 2120 Mbps,16,false,EBS only,No,AMD EPYC 7571,2.5 GHz,NA,Up to 10 Gigabit,true,Shared,32,No,AVX; AVX2; AMD Turbo,No License required,Yes,SQL Ent,64-bit,nitro,360.0,16000
m5a.24xlarge,Yes,No,384 GiB,10000 Mbps,96,false,EBS only,No,AMD EPYC 7571,2.5 GHz,NA,20 Gigabit,true,Shared,192,No,AVX; AVX2; AMD Turbo,No License required,Yes,NA,64-bit,nitro,1718.75,60000
c5.4xlarge,Yes,Yes,32 GiB,Up to 2250 Mbps,16,false,EBS only,Yes,Intel Xeon Platinum 8124M,3 GHz,73,Up to 10 Gigabit,true,Shared,32,Yes,Intel AVX; Intel AVX2; Intel AVX512; Intel Turbo,No License required,Yes,SQL Ent,64-bit,nitro,593.75,20000
m5zn.xlarge,Yes,Yes,16 GiB,Up to 3170 Mbps,4,false,EBS only,Yes,Intel Xeon Platinum 8252,4.5 GHz,NA,Up to 25 Gigabit,true,Shared,8,Yes,Intel AVX; Intel AVX2; Intel AVX512; Intel Turbo,No License required,Yes,NA,64-bit,nitro,396.25,13333
i4i.4xlarge,Yes,Yes,128 GiB,Up to 10000 Mbps,16,false,1 x 3750 NVMe SSD,Yes,Intel Xeon 8375C (Ice Lake),3.5 GHz,NA,Up to 25 Gigabit,true,Shared,32,Yes,Intel AVX; Intel AVX2; Intel AVX512; Intel Turbo,No License required,Yes,SQL Web,64-bit,,,
r5n.24xlarge,No,No,768 GiB,12000 Mbps,96,false,EBS only,No,Intel Xeon Platinum 8259 (Cascade Lake),2.5 GHz,NA,100 Gigabit,true,Shared,192,No,,No License required,Yes,NA,64-bit,nitro,2375.0,80000
x2iedn.metal,Yes,Yes,4096 GiB,80000 Mbps,128,false,2 x 1900 NVMe SSD,Yes,Intel Xeon Scalable (Icelake),3.5 GHz,NA,100 Gigabit,true,Shared,256,Yes,Intel AVX; Intel AVX2; Intel AVX512; Intel Turbo,No License required,Yes,SQL Std,64-bit,nitro,10000.0,260000
r5ad.24xlarge,Yes,No,768 GiB,10000 Mbps,96,false,4 x 900 NVMe SSD,No,AMD EPYC 7571,2.5 GHz,NA,20 Gigabit,true,Shared,192,No,AVX; AVX2; AMD Turbo,No License required,Yes,NA,64-bit,nitro,1696.25,60000
c5.12xlarge,Yes,Yes,96 GiB,7000 Mbps,48,false,EBS only,Yes,Intel Xeon Platinum 8275L,3 GHz,188,12 Gigabit,true,Shared,96,Yes,Intel AVX; Intel AVX2; Intel AVX512; Intel Deep Learning Boost; Intel Turbo,Bring your own license,Yes,NA,64-bit,nitro,1187.5,40000
r5dn.4xlarge,No,No,128 GiB,2120 Mbps,16,false,2 x 300 NVMe SSD,No,Intel Xeon Platinum 8259 (Cascade Lake),3.1 GHz,NA,Up to 25 Gigabit,true,Shared,32,No,,No License required,Yes,SQL Web,64-bit,nitro,593.75,18750
r5d.2xlarge,Yes,Yes,64 GiB,Up to 2120 Mbps,8,false,1 x 300 NVMe SSD,Yes,Intel Xeon Platinum 8175,3.1 GHz,37,Up to 10 Gigabit,true,Shared,16,Yes,Intel AVX; Intel AVX2; Intel AVX512; Intel Turbo,No License required,Yes,NA,64-bit,nitro,593.75,18750
r5a.24xlarge,Yes,No,768 GiB,10000 Mbps,96,false,EBS only,No,AMD EPYC 7571,2.5 GHz,NA,20 Gigabit,true,Shared,192,No,AVX; AVX2; AMD Turbo,No License required,Yes,SQL Web,64-bit,nitro,1696.25,60000
i4i.2xlarge,Yes,Yes,64 GiB,Up to 10000 Mbps,8,false,1 x 1875 NVMe SSD,Yes,Intel Xeon 8375C (Ice Lake),3.5 GHz,NA,Up to 12 Gigabit,true,Shared,16,Yes,Intel AVX; Intel AVX2; Intel AVX512; Intel Turbo,No License required,Yes,SQL Std,64-bit,nitro,1250.0,40000
i4i.32xlarge,Yes,Yes,1024 GiB,40000 Mbps,128,false,8 x 3750 SSD,Yes,Intel Xeon 8375C (Ice Lake),3.5 GHz,NA,75000 Megabit,true,Shared,256,Yes,Intel AVX; Intel AVX2; Intel AVX512; Intel Turbo,No License required,Yes,SQL Ent,64-bit,nitro,5000.0,160000
x2iedn.8xlarge,Yes,Yes,1024 GiB,20000 Mbps,32,false,1 x 950 NVMe SSD,Yes,Intel Xeon Scalable (Icelake),3.5 GHz,NA,25 Gigabit,true,Shared,64,Yes,Intel AVX; Intel AVX2; Intel AVX512; Intel Turbo,No License required,Yes,SQL Web,64-bit,nitro,2500.0,65000
c5n.2xlarge,Yes,Yes,21 GiB,Up to 3500 Mbps,8,false,EBS only,Yes,Intel Xeon Platinum 8124M,3 GHz,39,Up to 25 Gigabit,true,Shared,16,Yes,Intel AVX; Intel AVX2; Intel AVX512; Intel Turbo,No License required,Yes,SQL Web,64-bit,nitro,593.75,20000
x1e.2xlarge,Yes,No,244 GiB,1000 Mbps,8,false,1 x 240 SSD,Yes,High Frequency Intel Xeon E7-8880 v3 (Haswell),2.3 GHz,23,Up to 10 Gigabit,true,Shared,16,Yes,Intel AVX; Intel AVX2,No License required,Yes,SQL Web,64-bit,xen,125.0,7400
t3a.micro,Yes,No,1 GiB,Up to 2085 Mbps,2,false,EBS only,No,AMD EPYC 7571,2.5 GHz,Variable,Up to 5 Gigabit,true,Shared,0.5,No,AVX; AVX2; AMD Turbo,No License required,Yes,SQL Web,64-bit,nitro,260.625,11800
r5a.2xlarge,Yes,No,64 GiB,Up to 2120 Mbps,8,false,EBS only,No,AMD EPYC 7571,2.5 GHz,NA,Up to 10 Gigabit,true,Shared,16,No,AVX; AVX2; AMD Turbo,No License required,Yes,SQL Std,64-bit,nitro,360.0,16000
c6i.2xlarge,Yes,Yes,16 GiB,Up to 10000 Mbps,8,false,EBS only,Yes,Intel Xeon 8375C (Ice Lake),3.5 GHz,NA,Up to 12500 Megabit,true,Shared,16,Yes,Intel AVX; Intel AVX2; Intel AVX512; Intel Turbo,No License required,Yes,SQL Std,64-bit,nitro,1250.0,40000
m5n.large,No,No,8 GiB,Up to 3500 Mbps,2,false,EBS only,No,Intel Xeon Platinum 8259 (Cascade Lake),3.1 GHz,NA,Up to 25 Gigabit,true,Shared,4,No,,No License required,Yes,SQL Std,64-bit,nitro,593.75,18750
m1.large,No,No,7.5 GiB,,2,true,2 x 420 SSD,No,Intel Xeon Family,,4,Moderate,true,Shared,4,No,,No License required,No,NA,64-bit,xen,62.5,4000
c6g.16xlarge,Yes,No,128 GiB,19000 Mbps,64,false,EBS only,No,AWS Graviton2 Processor,2.5 GHz,NA,25 Gigabit,true,Shared,128,No,,No License required,Yes,NA,64-bit,nitro,2375.0,80000
r5n.8xlarge,No,No,256 GiB,5000 Mbps,32,false,EBS only,No,Intel Xeon Platinum 8259 (Cascade Lake),2.5 GHz,NA,25 Gigabit,true,Shared,64,No,,No License required,Yes,SQL Ent,64-bit,nitro,850.0,30000
c6gd.12xlarge,Yes,No,96 GiB,13500 Mbps,48,false,2 x 1425 NVMe SSD,No,AWS Graviton2 Processor,2.5 GHz,NA,20 Gigabit,true,Shared,96,No,,No License required,Yes,NA,64-bit,nitro,1781.25,50000
x1e.xlarge,Yes,No,122 GiB,500 Mbps,4,false,1 x 120 SSD,Yes,High Frequency Intel Xeon E7-8880 v3 (Haswell),2.3 GHz,12,Up to 10 Gigabit,true,Shared,8,Yes,Intel AVX; Intel AVX2,No License required,Yes,SQL Ent,64-bit,xen,62.5,3700
i2.4xlarge,Yes,Yes,122 GiB,1500 Mbps,16,true,4 x 800 SSD,No,Intel Xeon E5-2670 v2 (Ivy Bridge),2.5 GHz,53,High,true,Shared,32,Yes,Intel AVX; Intel Turbo,No License required,No,NA,64-bit,xen,250.0,16000
hs1.8xlarge,No,No,117 GiB,,16,true,24 x 2000 HDD,No,Intel Xeon E5-2650,2 GHz,35,10 Gigabit,true,Shared,64,No,,No License required,No,NA,64-bit,,,
i3en.6xlarge,Yes,Yes,192 GiB,3500 Mbps,24,false,2 x 7500 NVMe SSD,Yes,Intel Xeon Platinum 8175,3.1 GHz,NA,25 Gigabit,true,Shared,48,Yes,Intel AVX; Intel AVX2; Intel AVX512; Intel Turbo,No License required,Yes,SQL Std,64-bit,nitro,593.75,20000
c6i.32xlarge,Yes,Yes,256 GiB,40000 Mbps,128,false,EBS only,Yes,Intel Xeon 8375C (Ice Lake),3.5 GHz,NA,50000 Megabit,true,Shared,256,Yes,Intel AVX; Intel AVX2; Intel AVX512; Intel Turbo,No License required,Yes,NA,64-bit,nitro,5000.0,160000
c4.large,Yes,Yes,3.75 GiB,500 Mbps,2,false,EBS only,Yes,Intel Xeon E5-2666 v3 (Haswell),2.9 GHz,8,Moderate,true,Shared,4,Yes,Intel AVX; Intel AVX2; Intel Turbo,No License required,Yes,NA,64-bit,xen,62.5,4000
r5ad.4xlarge,Yes,No,128 GiB,Up to 2120 Mbps,16,false,2 x 300 NVMe SSD,No,AMD EPYC 7571,2.5 GHz,NA,Up to 10 Gigabit,true,Shared,32,No,AVX; AVX2; AMD Turbo,No License required,Yes,SQL Ent,64-bit,nitro,360.0,16000
c5ad.xlarge,Yes,No,8 GiB,Up to 3170 Mbps,4,false,1 x 150 NVMe SSD,No,AMD EPYC 7R32,2.8 GHz,NA,Up to 10 Gigabit,true,Shared,8,No,AMD Turbo; AVX; AVX2,No License required,Yes,NA,64-bit,nitro,396.25,13300
m5zn.6xlarge,Yes,Yes,96 GiB,9500 Mbps,24,false,EBS only,Yes,Intel Xeon Platinum 8252,4.5 GHz,NA,50 Gigabit,true,Shared,48,Yes,Intel AVX; Intel AVX2; Intel AVX512; Intel Turbo,No License required,Yes,SQL Ent,64-bit,nitro,1187.5,40000
r3.8xlarge,Yes,Yes,244 GiB,,32,true,2 x 320 SSD,No,Intel Xeon E5-2670 v2 (Ivy Bridge),2.5 GHz,104,10 Gigabit,true,Shared,64,Yes,Intel AVX; Intel Turbo,No License required,No,SQL Web,64-bit,xen,50,100
r5d.12xlarge,Yes,Yes,384 GiB,6000 Mbps,48,false,2 x 900 NVMe SSD,Yes,Intel Xeon Platinum 8175,3.1 GHz,168,10 Gigabit,true,Shared,96,Yes,Intel AVX; Intel AVX2; Intel AVX512; Intel Turbo,No License required,Yes,SQL Std,64-bit,nitro,1187.5,40000
m6gd.medium,Yes,No,4 GiB,Up to 4500 Mbps,1,false,1 x 59 NVMe SSD,No,AWS Graviton2 Processor,2.5 GHz,NA,Up to 10 Gigabit,true,Shared,2,No,,No License required,Yes,NA,64-bit,nitro,593.75,20000
i2.2xlarge,Yes,Yes,61 GiB,1500 Mbps,8,true,2 x 800 SSD,No,Intel Xeon E5-2670 v2 (Ivy Bridge),2.5 GHz,27,High,true,Shared,16,Yes,Intel AVX; Intel Turbo,No License required,No,SQL Std,64-bit,xen,125.0,8000
m5d.24xlarge,Yes,Yes,384 GiB,12000 Mbps,96,false,4 x 900 NVMe SSD,Yes,Intel Xeon Platinum 8175,3.1 GHz,337,25 Gigabit,true,Shared,192,Yes,Intel AVX; Intel AVX2; Intel AVX512; Intel Turbo,No License required,Yes,SQL Std,64-bit,nitro,2375.0,80000
r5a.8xlarge,Yes,No,256 GiB,3500 Mbps,32,false,EBS only,No,AMD EPYC 7571,2.5 GHz,NA,Up to 10 Gigabit,true,Shared,64,No,AVX; AVX2; AMD Turbo,No License required,Yes,SQL Ent,64-bit,nitro,593.75,20000
d3.8xlarge,Yes,Yes,256 GiB,5000 Mbps,32,false,24 x 2000 HDD,Yes,Intel Xeon Platinum 8259 (Cascade Lake),3.1 GHz,NA,25 Gigabit,true,Shared,64,Yes,AVX; AVX2; Intel AVX; Intel AVX2; Intel AVX512; Intel Turbo,No License required,Yes,SQL Ent,64-bit,nitro,625.0,30000
r5ad.xlarge,Yes,No,32 GiB,Up to 2120 Mbps,4,false,1 x 150 NVMe SSD,No,AMD EPYC 7571,2.5 GHz,NA,Up to 10 Gigabit,true,Shared,8,No,AVX; AVX2; AMD Turbo,No License required,Yes,NA,64-bit,nitro,360.0,16000
m5d.metal,Yes,Yes,384 GiB,12000 Mbps,96,false,4 x 900 NVMe SSD,Yes,Intel Xeon Platinum 8175,3.1 GHz,345,25 Gigabit,true,Shared,192,Yes,Intel AVX; Intel AVX2; Intel AVX512; Intel Turbo,No License required,Yes,NA,64-bit,nitro,2375.0,80000
c5n.4xlarge,Yes,Yes,42 GiB,3500 Mbps,16,false,EBS only,Yes,Intel Xeon Platinum 8124M,3 GHz,73,Up to 25 Gigabit,true,Shared,32,Yes,Intel AVX; Intel AVX2; Intel AVX512; Intel Turbo,No License required,Yes,NA,64-bit,nitro,593.75,20000
m5d.large,Yes,Yes,8 GiB,Up to 2120 Mbps,2,false,1 x 75 NVMe SSD,Yes,Intel Xeon Platinum 8175,3.1 GHz,10,Up to 10 Gigabit,true,Shared,4,Yes,Intel AVX; Intel AVX2; Intel AVX512; Intel Turbo,No License required,Yes,NA,64-bit,nitro,593.75,18750
t3.xlarge,No,Yes,16 GiB,Up to 2780 Mbps,4,false,EBS only,Yes,Intel Skylake E5 2686 v5,3.1 GHz,Variable,Up to 5 Gigabit,true,Shared,8,Yes,AVX; AVX2; Intel AVX; Intel AVX2; Intel AVX512; Intel Turbo,No License required,Yes,SQL Ent,64-bit,nitro,347.5,15700
c6i.24xlarge,Yes,Yes,192 GiB,30000 Mbps,96,false,EBS only,Yes,Intel Xeon 8375C (Ice Lake),3.5 GHz,NA,37500 Megabit,true,Shared,192,Yes,Intel AVX; Intel AVX2; Intel AVX512; Intel Turbo,No License required,Yes,NA,64-bit,nitro,3750.0,120000
x2iedn.4xlarge,Yes,Yes,512 GiB,Up to 20000 Mbps,16,false,1 x 475 NVMe SSD,Yes,Intel Xeon Scalable (Icelake),3.5 GHz,NA,Up to 25 Gigabit,true,Shared,32,Yes,Intel AVX; Intel AVX2; Intel AVX512; Intel Turbo,No License required,Yes,SQL Ent,64-bit,nitro,2500.0,65000
r3.xlarge,Yes,Yes,30.5 GiB,,4,true,1 x 80 SSD,No,Intel Xeon E5-2670 v2 (Ivy Bridge),2.5 GHz,13,Moderate,true,Shared,8,Yes,Intel AVX; Intel Turbo,No License required,No,SQL Std,64-bit,xen,62.5,4000
m6i.metal,Yes,Yes,512 GiB,40000 Mbps,128,false,EBS only,Yes,Intel Xeon 8375C (Ice Lake),3.5 GHz,NA,50000 Megabit,true,Shared,256,Yes,Intel AVX; Intel AVX2; Intel AVX512; Intel Turbo,No License required,Yes,SQL Std,64-bit,nitro,5000.0,160000
z1d.6xlarge,Yes,Yes,192 GiB,7000 Mbps,24,false,1 x 900 NVMe SSD,Yes,Intel Xeon Platinum 8151,4 GHz,116,10 Gigabit,true,Shared,48,Yes,Intel AVX; Intel AVX2; Intel AVX512; Intel Turbo,No License required,Yes,SQL Ent,64-bit,nitro,1187.5,40000
m5zn.2xlarge,Yes,Yes,32 GiB,3170 Mbps,8,false,EBS only,Yes,Intel Xeon Platinum 8252,4.5 GHz,NA,Up to 25 Gigabit,true,Shared,16,Yes,Intel AVX; Intel AVX2; Intel AVX512; Intel Turbo,No License required,Yes,SQL Std,64-bit,nitro,396.25,13333
c5.large,Yes,Yes,4 GiB,Up to 2250 Mbps,2,false,EBS only,Yes,Intel Xeon Platinum 8124M,3 GHz,10,Up to 10 Gigabit,true,Shared,4,Yes,Intel AVX; Intel AVX2; Intel AVX512; Intel Turbo,No License required,Yes,SQL Web,64-bit,nitro,593.75,20000
r6g.medium,Yes,No,8 GiB,Up to 4500 Mbps,1,false,EBS only,No,AWS Graviton2 Processor,2.5 GHz,NA,Up to 10 Gigabit,true,Shared,2,No,,No License required,Yes,NA,64-bit,nitro,593.75,20000
r5a.12xlarge,Yes,No,384 GiB,5000 Mbps,48,false,EBS only,No,AMD EPYC 7571,2.5 GHz,NA,10 Gigabit,true,Shared,96,No,AVX; AVX2; AMD Turbo,No License required,Yes,SQL Ent,64-bit,nitro,847.5,30000
m5a.4xlarge,Yes,No,64 GiB,2120 Mbps,16,false,EBS only,No,AMD EPYC 7571,2.5 GHz,NA,Up to 10 Gigabit,true,Shared,32,No,AVX; AVX2; AMD Turbo,No License required,Yes,SQL Std,64-bit,nitro,360.0,16000
r5d.24xlarge,Yes,Yes,768 GiB,12000 Mbps,96,false,4 x 900 NVMe SSD,Yes,Intel Xeon Platinum 8175,3.1 GHz,337,25 Gigabit,true,Shared,192,Yes,Intel AVX; Intel AVX2; Intel AVX512; Intel Turbo,No License required,Yes,NA,64-bit,nitro,2375.0,80000
c5ad.16xlarge,Yes,No,128 GiB,6300 Mbps,64,false,2 x 1200 NVMe SSD,No,AMD EPYC 7R32,2.8 GHz,NA,20 Gigabit,true,Shared,128,No,AMD Turbo; AVX; AVX2,No License required,Yes,SQL Ent,64-bit,nitro,787.5,26700
r5ad.8xlarge,Yes,No,256 GiB,3500 Mbps,32,false,2 x 600 NVMe SSD,No,AMD EPYC 7571,2.5 GHz,NA,Up to 10 Gigabit,true,Shared,64,No,AVX; AVX2; AMD Turbo,No License required,Yes,NA,64-bit,nitro,593.75,20000
d3.2xlarge,Yes,Yes,64 GiB,Up to 2800 Mbps,8,false,6 x 2000 HDD,Yes,Intel Xeon Platinum 8259 (Cascade Lake),3.1 GHz,NA,Up to 15 Gigabit,true,Shared,16,Yes,AVX; AVX2; Intel AVX; Intel AVX2; Intel AVX512; Intel Turbo,No License required,Yes,SQL Web,64-bit,nitro,350.0,15000
m5a.12xlarge,Yes,No,192 GiB,5000 Mbps,48,false,EBS only,No,AMD EPYC 7571,2.5 GHz,NA,10 Gigabit,true,Shared,96,No,AVX; AVX2; AMD Turbo,Bring your own license,Yes,NA,64-bit,nitro,847.5,30000
r5d.xlarge,Yes,Yes,32 GiB,Up to 2120 Mbps,4,false,1 x 150 NVMe SSD,Yes,Intel Xeon Platinum 8175,3.1 GHz,19,Up to 10 Gigabit,true,Shared,8,Yes,Intel AVX; Intel AVX2; Intel AVX512; Intel Turbo,No License required,Yes,NA,64-bit,nitro,593.75,18750
m5ad.4xlarge,Yes,No,64 GiB,2120 Mbps,16,false,2 x 300 NVMe SSD,No,AMD EPYC 7571,2.5 GHz,NA,Up to 10 Gigabit,true,Shared,32,No,AVX; AVX2; AMD Turbo,No License required,Yes,SQL Ent,64-bit,nitro,360.0,16000
r5dn.24xlarge,No,No,768 GiB,12000 Mbps,96,false,4 x 900 NVMe SSD,No,Intel Xeon Platinum 8259 (Cascade Lake),3.1 GHz,NA,100 Gigabit,true,Shared,192,No,,No License required,Yes,SQL Web,64-bit,nitro,2375.0,80000
m5dn.xlarge,No,No,16 GiB,Up to 3500 Mbps,4,false,1 x 150 NVMe SSD,No,Intel Xeon Platinum 8259 (Cascade Lake),3.1 GHz,NA,Up to 25 Gigabit,true,Shared,8,No,,No License required,Yes,SQL Ent,64-bit,nitro,593.75,18750
inf1.2xlarge,No,No,16 GiB,875 Mbps,8,false,EBS only,No,Intel Xeon Platinum 8275CL (Cascade Lake),,NA,Up to 25 Gigabit,true,Shared,NA,No,,No License required,Yes,NA,64-bit,nitro,593.75,20000
m5n.4xlarge,No,No,64 GiB,3500 Mbps,16,false,EBS only,No,Intel Xeon Platinum 8259 (Cascade Lake),3.1 GHz,NA,Up to 25 Gigabit,true,Shared,32,No,,No License required,Yes,NA,64-bit,nitro,593.75,18750
c3.8xlarge,Yes,Yes,60 GiB,,32,true,2 x 320 SSD,No,Intel Xeon E5-2680 v2 (Ivy Bridge),2.8 GHz,108,10 Gigabit,true,Shared,64,Yes,Intel AVX; Intel Turbo,No License required,No,NA,64-bit,xen,50,100
x2idn.metal,Yes,Yes,2048 GiB,80 Gbps,128,false,2 x 1900 NVMe SSD,Yes,Intel Xeon Scalable (Icelake),3.5 GHz,NA,100 Gigabit,true,Shared,256,Yes,AVX; Intel AVX; Intel AVX2; Intel AVX512; Intel Turbo,No License required,Yes,SQL Ent,64-bit,nitro,10000.0,260000
c5d.24xlarge,Yes,Yes,192 GiB,14000 Mbps,96,false,4 x 900 NVMe SSD,Yes,Intel Xeon Platinum 8275L,3 GHz,375,25 Gigabit,true,Shared,192,Yes,Intel AVX; Intel AVX2; Intel AVX512; Intel Deep Learning Boost; Intel Turbo,No License required,Yes,SQL Web,64-bit,nitro,2375.0,80000
m5dn.24xlarge,No,No,384 GiB,14000 Mbps,96,false,4 x 900 NVMe SSD,No,Intel Xeon Platinum 8259 (Cascade Lake),3.1 GHz,NA,100 Gigabit,true,Shared,192,No,,No License required,Yes,SQL Web,64-bit,nitro,2375.0,80000
z1d.xlarge,Yes,Yes,32 GiB,Up to 2333 Mbps,4,false,1 x 150 NVMe SSD,Yes,Intel Xeon Platinum 8151,4 GHz,23,Up to 10 Gigabit,true,Shared,8,Yes,Intel AVX; Intel AVX2; Intel AVX512; Intel Turbo,No License required,Yes,SQL Std,64-bit,nitro,396.25,13333
c5d.9xlarge,Yes,Yes,72 GiB,4500 Mbps,36,false,1 x 900 NVMe SSD,Yes,Intel Xeon Platinum 8124M,3 GHz,139,10 Gigabit,true,Shared,72,Yes,Intel AVX; Intel AVX2; Intel AVX512; Intel Turbo,No License required,Yes,NA,64-bit,nitro,1187.5,40000
c6gd.16xlarge,Yes,No,128 GiB,18000 Mbps,64,false,2 x 1900 NVMe SSD,No,AWS Graviton2 Processor,2.5 GHz,NA,25 Gigabit,true,Shared,128,No,,No License required,Yes,NA,64-bit,nitro,2375.0,80000
r4.16xlarge,Yes,Yes,488 GiB,12000 Mbps,64,false,EBS only,Yes,Intel Xeon E5-2686 v4 (Broadwell),2.3 GHz,201,20 Gigabit,true,Shared,128,Yes,Intel AVX; Intel AVX2; Intel Turbo,Bring your own license,Yes,NA,64-bit,xen,1750.0,75000
m5d.4xlarge,Yes,Yes,64 GiB,2120 Mbps,16,false,2 x 300 NVMe SSD,Yes,Intel Xeon Platinum 8175,3.1 GHz,70,Up to 10 Gigabit,true,Shared,32,Yes,Intel AVX; Intel AVX2; Intel AVX512; Intel Turbo,No License required,Yes,SQL Web,64-bit,nitro,593.75,18750
i3en.12xlarge,Yes,Yes,384 GiB,7000 Mbps,48,false,4 x 7500 NVMe SSD,Yes,Intel Xeon Platinum 8175,3.1 GHz,168,50 Gigabit,true,Shared,96,Yes,Intel AVX; Intel AVX2; Intel AVX512; Intel Turbo,No License required,Yes,SQL Web,64-bit,nitro,1187.5,40000
c6g.8xlarge,Yes,No,64 GiB,9000 Mbps,32,false,EBS only,No,AWS Graviton2 Processor,2.5 GHz,NA,Up to 10 Gigabit,true,Shared,64,No,,No License required,Yes,NA,64-bit,nitro,1187.5,40000
r5ad.2xlarge,Yes,No,64 GiB,Up to 2120 Mbps,8,false,1 x 300 NVMe SSD,No,AMD EPYC 7571,2.5 GHz,NA,Up to 10 Gigabit,true,Shared,16,No,AVX; AVX2; AMD Turbo,No License required,Yes,SQL Web,64-bit,nitro,360.0,16000
t2.xlarge,No,Yes,16 GiB,,4,false,EBS only,No,Intel Xeon Family,Up to 3.3 GHz,Variable,Moderate,true,Shared,8,Yes,Intel AVX; Intel Turbo,No License required,Yes,SQL Web,64-bit,xen,50,100
m5ad.24xlarge,Yes,No,384 GiB,10000 Mbps,96,false,4 x 900 NVMe SSD,No,AMD EPYC 7571,2.5 GHz,NA,20 Gigabit,true,Shared,192,No,AVX; AVX2; AMD Turbo,No License required,Yes,NA,64-bit,nitro,1718.75,60000
r5.metal,Yes,Yes,768 GiB,19000 Mbps,96,false,EBS only,Yes,Intel Xeon Platinum 8175,3.1 GHz,347,25 Gigabit,true,Shared,192,Yes,Intel AVX; Intel AVX2; Intel AVX512; Intel Turbo,No License required,Yes,SQL Ent,64-bit,nitro,2375.0,80000
t2.2xlarge,No,Yes,32 GiB,,8,false,EBS only,No,Intel Xeon Family,Up to 3.3 GHz,Variable,Moderate,true,Shared,16,Yes,Intel AVX; Intel Turbo,No License required,Yes,NA,64-bit,xen,50,100
r5.12xlarge,Yes,Yes,384 GiB,9500 Mbps,48,false,EBS only,Yes,Intel Xeon Platinum 8175,3.1 GHz,168,10 Gigabit,true,Shared,96,Yes,Intel AVX; Intel AVX2; Intel AVX512; Intel Turbo,No License required,Yes,NA,64-bit,nitro,1187.5,40000
x2idn.32xlarge,Yes,Yes,2048 GiB,80 Gbps,128,false,2 x 1900 NVMe SSD,Yes,Intel Xeon Scalable (Icelake),3.5 GHz,NA,100 Gigabit,true,Shared,256,Yes,AVX; Intel AVX; Intel AVX2; Intel AVX512; Intel Turbo,No License required,Yes,SQL Web,64-bit,nitro,10000.0,260000
a1.2xlarge,Yes,No,16 GiB,Up to 3500 Mbps,8,false,EBS only,No,AWS Graviton Processor,2.3 GHz,NA,Up to 10 Gigabit,true,Shared,16,No,,No License required,Yes,NA,64-bit,nitro,437.5,20000
c5.xlarge,Yes,Yes,8 GiB,Up to 2250 Mbps,4,false,EBS only,Yes,Intel Xeon Platinum 8124M,3 GHz,20,Up to 10 Gigabit,true,Shared,8,Yes,Intel AVX; Intel AVX2; Intel AVX512; Intel Turbo,No License required,Yes,SQL Std,64-bit,nitro,593.75,20000
m5d.2xlarge,Yes,Yes,32 GiB,Up to 2120 Mbps,8,false,1 x 300 NVMe SSD,Yes,Intel Xeon Platinum 8175,3.1 GHz,37,Up to 10 Gigabit,true,Shared,16,Yes,Intel AVX; Intel AVX2; Intel AVX512; Intel Turbo,No License required,Yes,SQL Ent,64-bit,,,
a1.xlarge,Yes,No,8 GiB,Up to 3500 Mbps,4,false,EBS only,No,AWS Graviton Processor,2.3 GHz,NA,Up to 10 Gigabit,true,Shared,8,No,,No License required,Yes,NA,64-bit,nitro,437.5,20000
m5a.8xlarge,Yes,No,128 GiB,3500 Mbps,32,false,EBS only,No,AMD EPYC 7571,2.5 GHz,NA,Up to 10 Gigabit,true,Shared,64,No,AVX; AVX2; AMD Turbo,No License required,Yes,SQL Std,64-bit,nitro,593.75,20000
x1.32xlarge,Yes,Yes,1952 GiB,14000 Mbps,128,false,2 x 1920 SSD,Yes,High Frequency Intel Xeon E7-8880 v3 (Haswell),2.3 GHz,349,High,true,Shared,256,Yes,Intel AVX; Intel AVX2; Intel Turbo,No License required,Yes,NA,64-bit,xen,1750.0,80000
z1d.12xlarge,Yes,Yes,384 GiB,14000 Mbps,48,false,2 x 900 NVMe SSD,Yes,Intel Xeon Platinum 8151,4 GHz,235,25 Gigabit,true,Shared,96,Yes,Intel AVX; Intel AVX2; Intel AVX512; Intel Turbo,No License required,Yes,SQL Ent,64-bit,nitro,2375.0,80000
x1e.4xlarge,Yes,No,488 GiB,1750 Mbps,16,false,1 x 480 SSD,Yes,High Frequency Intel Xeon E7-8880 v3 (Haswell),2.3 GHz,47,Up to 10 Gigabit,true,Shared,32,Yes,Intel AVX; Intel AVX2,No License required,Yes,SQL Ent,64-bit,xen,218.75,10000
u-9tb1.112xlarge,Yes,Yes,9216 GiB,38000 Mbps,448,false,EBS only,Yes,Intel Xeon Scalable (Skylake),,NA,100 Gigabit,true,Shared,NA,Yes,Intel AVX; Intel AVX2; Intel Turbo,No License required,Yes,SQL Ent,64-bit,nitro,4750.0,160000
i4i.large,Yes,Yes,16 GiB,Up to 10000 Mbps,2,false,1 x 468 NVMe SSD,Yes,Intel Xeon 8375C (Ice Lake),3.5 GHz,NA,Up to 10 Gigabit,true,Shared,4,Yes,Intel AVX; Intel AVX2; Intel AVX512; Intel Turbo,No License required,Yes,NA,64-bit,nitro,1250.0,40000
m5.xlarge,Yes,Yes,16 GiB,Up to 2120 Mbps,4,false,EBS only,Yes,Intel Xeon Platinum 8175,3.1 GHz,16,Up to 10 Gigabit,true,Shared,8,Yes,Intel AVX; Intel AVX2; Intel AVX512; Intel Turbo,No License required,Yes,SQL Std,64-bit,nitro,593.75,18750
r5a.large,Yes,No,16 GiB,Up to 2120 Mbps,2,false,EBS only,No,AMD EPYC 7571,2.5 GHz,NA,Up to 10 Gigabit,true,Shared,4,No,AVX; AVX2; AMD Turbo,No License required,Yes,SQL Std,64-bit,nitro,360.0,16000
m5n.8xlarge,No,No,128 GiB,5000 Mbps,32,false,EBS only,No,Intel Xeon Platinum 8259 (Cascade Lake),3.1 GHz,NA,25 Gigabit,true,Shared,64,No,,No License required,Yes,SQL Ent,64-bit,nitro,850.0,30000
t3a.small,Yes,No,2 GiB,Up to 2085 Mbps,2,false,EBS only,No,AMD EPYC 7571,2.5 GHz,Variable,Up to 5 Gigabit,true,Shared,1,No,AVX; AVX2; AMD Turbo,No License required,Yes,NA,64-bit,nitro,260.625,11800
m5ad.16xlarge,Yes,No,256 GiB,7000 Mbps,64,false,4 x 600 NVMe SSD,No,AMD EPYC 7571,2.5 GHz,NA,12 Gigabit,true,Shared,128,No,AVX; AVX2; AMD Turbo,No License required,Yes,SQL Ent,64-bit,nitro,1187.5,40000
c6i.16xlarge,Yes,Yes,128 GiB,20000 Mbps,64,false,EBS only,Yes,Intel Xeon 8375C (Ice Lake),3.5 GHz,NA,25000 Megabit,true,Shared,128,Yes,Intel AVX; Intel AVX2; Intel AVX512; Intel Turbo,No License required,Yes,SQL Ent,64-bit,nitro,2500.0,80000
r6i.large,Yes,Yes,16 GiB,Up to 10000 Mbps,2,false,EBS only,Yes,Intel Xeon 8375C (Ice Lake),3.5 GHz,NA,Up to 12500 Megabit,true,Shared,4,Yes,Intel AVX; Intel AVX2; Intel AVX512; Intel Turbo,No License required,Yes,NA,64-bit,nitro,1250.0,40000
i3.large,Yes,Yes,15.25 GiB,425 Mbps,2,false,1 x 475 NVMe SSD,Yes,Intel Xeon E5-2686 v4 (Broadwell),2.3 GHz,8,Up to 10 Gigabit,true,Shared,4,Yes,Intel AVX; Intel AVX2; Intel Turbo,No License required,Yes,SQL Std,64-bit,xen,53.125,3000
r5.24xlarge,Yes,Yes,768 GiB,19000 Mbps,96,false,EBS only,Yes,Intel Xeon Platinum 8175,3.1 GHz,337,25 Gigabit,true,Shared,192,Yes,Intel AVX; Intel AVX2; Intel AVX512; Intel Turbo,No License required,Yes,SQL Ent,64-bit,nitro,2375.0,80000
m3.medium,No,Yes,3.75 GiB,,1,true,1 x 4 SSD,No,Intel Xeon E5-2670 v2 (Ivy Bridge/Sandy Bridge),2.5 GHz,3,Moderate,true,Shared,2,Yes,Intel AVX; Intel Turbo,No License required,No,NA,64-bit,xen,50,100
r5a.16xlarge,Yes,No,512 GiB,7000 Mbps,64,false,EBS only,No,AMD EPYC 7571,2.5 GHz,NA,12 Gigabit,true,Shared,128,No,AVX; AVX2; AMD Turbo,No License required,Yes,SQL Std,64-bit,nitro,1187.5,40000
x1e.32xlarge,Yes,No,3904 GiB,14000 Mbps,128,false,2 x 1920 SSD,Yes,High Frequency Intel Xeon E7-8880 v3 (Haswell),2.3 GHz,340,25 Gigabit,true,Shared,256,Yes,Intel AVX; Intel AVX2,No License required,Yes,SQL Ent,64-bit,xen,1750.0,80000
m6g.metal,Yes,No,256 GiB,18000 Mbps,64,false,EBS only,No,AWS Graviton2 Processor,,NA,25 Gigabit,true,Shared,128,No,,No License required,Yes,NA,64-bit,nitro,2375.0,80000
r4.xlarge,Yes,Yes,30.5 GiB,800 Mbps,4,false,EBS only,Yes,Intel Xeon E5-2686 v4 (Broadwell),2.3 GHz,16,Up to 10 Gigabit,true,Shared,8,Yes,Intel AVX; Intel AVX2; Intel Turbo,Bring your own license,Yes,NA,64-bit,xen,106.25,6000
r5n.16xlarge,No,No,512 GiB,10000 Mbps,64,false,EBS only,No,Intel Xeon Platinum 8259 (Cascade Lake),2.5 GHz,NA,75 Gigabit,true,Shared,128,No,,No License required,Yes,NA,64-bit,nitro,1700.0,60000
g4dn.2xlarge,Yes,Yes,32 GiB,3500 Mbps,8,false,225 GB NVMe SSD,Yes,Intel Xeon Family,2.5 GHz,NA,Up to 25 Gigabit,true,Shared,NA,Yes,Intel AVX; Intel AVX2; Intel AVX512; Intel Turbo,No License required,Yes,NA,64-bit,nitro,437.5,20000
t2.small,No,Yes,2 GiB,,1,false,EBS only,No,Intel Xeon Family,Up to 3.3 GHz,Variable,Low to Moderate,true,Shared,1,Yes,Intel AVX; Intel Turbo,No License required,Yes,NA,32-bit or 64-bit,xen,50,100
m5n.2xlarge,No,No,32 GiB,Up to 3500 Mbps,8,false,EBS only,No,Intel Xeon Platinum 8259 (Cascade Lake),3.1 GHz,NA,Up to 25 Gigabit,true,Shared,16,No,,No License required,Yes,NA,64-bit,nitro,593.75,18750
r4.4xlarge,Yes,Yes,122 GiB,3000 Mbps,16,false,EBS only,Yes,Intel Xeon E5-2686 v4 (Broadwell),2.3 GHz,58,Up to 10 Gigabit,true,Shared,32,Yes,Intel AVX; Intel AVX2; Intel Turbo,No License required,Yes,SQL Ent,64-bit,xen,437.5,18750
r6i.2xlarge,Yes,Yes,64 GiB,Up to 10000 Mbps,8,false,EBS only,Yes,Intel Xeon 8375C (Ice Lake),3.5 GHz,NA,Up to 12500 Megabit,true,Shared,16,Yes,Intel AVX; Intel AVX2; Intel AVX512; Intel Turbo,No License required,Yes,NA,64-bit,nitro,1250.0,40000
t3a.xlarge,Yes,No,16 GiB,Up to 2780 Mbps,4,false,EBS only,No,AMD EPYC 7571,2.5 GHz,Variable,Up to 5 Gigabit,true,Shared,8,No,AVX; AVX2; AMD Turbo,No License required,Yes,NA,64-bit,nitro,347.5,15700
m5zn.metal,Yes,Yes,192 GiB,19000 Mbps,48,false,EBS only,Yes,Intel Xeon Platinum 8252,4.5 GHz,NA,100 Gigabit,true,Shared,96,Yes,Intel AVX; Intel AVX2; Intel AVX512; Intel Turbo,No License required,Yes,SQL Web,64-bit,nitro,2375.0,80000
m3.large,No,Yes,7.5 GiB,,2,true,1 x 32 SSD,No,Intel Xeon E5-2670 v2 (Ivy Bridge/Sandy Bridge),2.5 GHz,6.5,Moderate,true,Shared,4,Yes,Intel AVX; Intel Turbo,No License required,No,SQL Web,64-bit,xen,50,100
x2iedn.32xlarge,Yes,Yes,4096 GiB,80000 Mbps,128,false,2 x 1900 NVMe SSD,Yes,Intel Xeon Scalable (Icelake),3.5 GHz,NA,100 Gigabit,true,Shared,256,Yes,Intel AVX; Intel AVX2; Intel AVX512; Intel Turbo,No License required,Yes,SQL Web,64-bit,nitro,10000.0,260000
c5d.large,Yes,Yes,4 GiB,Up to 2250 Mbps,2,false,1 x 50 NVMe SSD,Yes,Intel Xeon Platinum 8124M,3 GHz,10,Up to 10 Gigabit,true,Shared,4,Yes,Intel AVX; Intel AVX2; Intel AVX512; Intel Turbo,No License required,Yes,SQL Std,64-bit,nitro,593.75,20000
i2.xlarge,Yes,Yes,30.5 GiB,750 Mbps,4,true,1 x 800 SSD,No,Intel Xeon E5-2670 v2 (Ivy Bridge),2.5 GHz,14,Moderate,true,Shared,8,Yes,Intel AVX; Intel Turbo,No License required,No,SQL Std,64-bit,xen,62.5,4000
m5dn.large,No,No,8 GiB,Up to 3500 Mbps,2,false,1 x 75 NVMe SSD,No,Intel Xeon Platinum 8259 (Cascade Lake),3.1 GHz,NA,Up to 25 Gigabit,true,Shared,4,No,,No License required,Yes,NA,64-bit,nitro,593.75,18750
z1d.metal,Yes,Yes,384 GiB,14000 Mbps,48,false,2 x 900 NVMe SSD,Yes,Intel Xeon Platinum 8151,4 GHz,271,25 Gigabit,true,Shared,96,Yes,Intel AVX; Intel AVX2; Intel AVX512; Intel Turbo,No License required,Yes,SQL Ent,64-bit,nitro,2375.0,80000
r5b.24xlarge,Yes,No,768 GiB,60 Gbps,96,false,EBS only,No,Intel Xeon Platinum 8259 (Cascade Lake),3.1 GHz,NA,25 Gigabit,true,Shared,192,Yes,,No License required,Yes,NA,64-bit,nitro,7500.0,260000
r5d.8xlarge,Yes,Yes,256 GiB,5000 Mbps,32,false,2 x 600 NVMe SSD,Yes,Intel Xeon Platinum 8175,3.1 GHz,128,10 Gigabit,true,Shared,64,Yes,Intel AVX; Intel AVX2; Intel AVX512; Intel Turbo,No License required,Yes,SQL Std,64-bit,nitro,850.0,30000
r5ad.12xlarge,Yes,No,384 GiB,5000 Mbps,48,false,2 x 900 NVMe SSD,No,AMD EPYC 7571,2.5 GHz,NA,10 Gigabit,true,Shared,96,No,AVX; AVX2; AMD Turbo,No License required,Yes,NA,64-bit,nitro,847.5,30000
c3.4xlarge,Yes,Yes,30 GiB,,16,true,2 x 160 SSD,No,Intel Xeon E5-2680 v2 (Ivy Bridge),2.8 GHz,55,High,true,Shared,32,Yes,Intel AVX; Intel Turbo,No License required,No,SQL Std,64-bit,xen,250.0,16000
c5ad.12xlarge,Yes,No,96 GiB,4750 Mbps,48,false,2 x 900 NVMe SSD,No,AMD EPYC 7R32,2.8 GHz,NA,12 Gigabit,true,Shared,96,No,AMD Turbo; AVX; AVX2,No License required,Yes,NA,64-bit,nitro,593.75,20000
i3.2xlarge,Yes,Yes,61 GiB,1750 Mbps,8,false,1 x 1900 NVMe SSD,Yes,Intel Xeon E5-2686 v4 (Broadwell),2.3 GHz,31,Up to 10 Gigabit,true,Shared,16,Yes,Intel AVX; Intel AVX2; Intel Turbo,No License required,Yes,NA,64-bit,xen,212.5,12000
m5dn.16xlarge,No,No,256 GiB,10000 Mbps,64,false,4 x 600 NVMe SSD,No,Intel Xeon Platinum 8259 (Cascade Lake),3.1 GHz,NA,75 Gigabit,true,Shared,128,No,,No License required,Yes,SQL Std,64-bit,nitro,1700.0,60000
c5ad.4xlarge,Yes,No,32 GiB,Up to 3170 Mbps,16,false,2 x 300 NVMe SSD,No,AMD EPYC 7R32,2.8 GHz,NA,Up to 10 Gigabit,true,Shared,32,No,AMD Turbo; AVX; AVX2,No License required,Yes,NA,64-bit,nitro,396.25,13300
c5d.12xlarge,Yes,Yes,96 GiB,7000 Mbps,48,false,2 x 900 NVMe SSD,Yes,Intel Xeon Platinum 8275L,3 GHz,188,12 Gigabit,true,Shared,96,Yes,Intel AVX; Intel AVX2; Intel AVX512; Intel Deep Learning Boost; Intel Turbo,No License required,Yes,SQL Std,64-bit,nitro,1187.5,40000
i3.metal,Yes,Yes,512 GiB,10000 Mbps,72,false,8 x 1900 NVMe SSD,Yes,Intel Xeon E5-2686 v4 (Broadwell),2.3 GHz,208,25 Gigabit,true,Shared,128,Yes,Intel AVX; Intel AVX2; Intel Turbo,No License required,Yes,SQL Std,64-bit,nitro,2375.0,80000
c5a.24xlarge,Yes,No,192 GiB,9500 Mbps,96,false,EBS only,No,AMD EPYC 7R32,2.8 GHz,NA,20 Gigabit,true,Shared,192,No,AMD Turbo; AVX; AVX2,No License required,Yes,NA,32-bit or 64-bit,nitro,1187.5,40000
m6g.xlarge,Yes,No,16 GiB,1125 Mbps,4,false,EBS only,No,AWS Graviton2 Processor,,NA,Up to 10 Gigabit,true,Shared,8,No,,No License required,Yes,NA,64-bit,nitro,593.75,20000
x2iedn.16xlarge,Yes,Yes,2048 GiB,40000 Mbps,64,false,1 x 1900 NVMe SSD,Yes,Intel Xeon Scalable (Icelake),3.5 GHz,NA,50 Gigabit,true,Shared,128,Yes,Intel AVX; Intel AVX2; Intel AVX512; Intel Turbo,No License required,Yes,SQL Web,64-bit,nitro,5000.0,130000
i4i.8xlarge,Yes,Yes,256 GiB,10000 Mbps,32,false,2 x 3750 NVMe SSD,Yes,Intel Xeon 8375C (Ice Lake),3.5 GHz,NA,18750 Megabit,true,Shared,64,Yes,Intel AVX; Intel AVX2; Intel AVX512; Intel Turbo,No License required,Yes,NA,64-bit,nitro,1250.0,40000
m5dn.metal,No,No,384 GiB,14000 Mbps,96,false,4 x 900 NVMe SSD,No,Intel Xeon Platinum 8259 (Cascade Lake),3.1 GHz,NA,100 Gigabit,true,Shared,192,No,,No License required,Yes,SQL Std,64-bit,nitro,2375.0,80000
i3en.large,Yes,Yes,16 GiB,Up to 3500 Mbps,2,false,1 x 1250 NVMe SSD,Yes,Intel Xeon Platinum 8175,3.1 GHz,10,Up to 25 Gigabit,true,Shared,4,Yes,Intel AVX; Intel AVX2; Intel AVX512; Intel Turbo,No License required,Yes,NA,64-bit,nitro,593.75,20000
i3en.metal,Yes,Yes,768 GiB,14000 Mbps,96,false,8 x 7500 NVMe SSD,Yes,Intel Xeon Platinum 8175,3.1 GHz,NA,100 Gigabit,true,Shared,192,Yes,Intel AVX; Intel AVX2; Intel AVX512; Intel Turbo,No License required,Yes,SQL Web,64-bit,nitro,2375.0,80000
x2idn.16xlarge,Yes,Yes,1024 GiB,40 Gbps,64,false,1 x 1900 NVMe SSD,Yes,Intel Xeon Scalable (Icelake),3.5 GHz,NA,50 Gigabit,true,Shared,128,Yes,AVX; Intel AVX; Intel AVX2; Intel AVX512; Intel Turbo,Bring your own license,Yes,NA,64-bit,nitro,5000.0,173333
m2.xlarge,No,No,17.1 GiB,,2,true,1 x 420 SSD,No,Intel Xeon Family,,6.5,Moderate,true,Shared,8,No,,No License required,No,NA,64-bit,xen,50,100
r5.xlarge,Yes,Yes,32 GiB,Up to 4750 Mbps,4,false,EBS only,Yes,Intel Xeon Platinum 8175,3.1 GHz,19,Up to 10 Gigabit,true,Shared,8,Yes,Intel AVX; Intel AVX2; Intel AVX512; Intel Turbo,No License required,Yes,SQL Ent,64-bit,nitro,593.75,18750
m5n.24xlarge,No,No,384 GiB,14000 Mbps,96,false,EBS only,No,Intel Xeon Platinum 8259 (Cascade Lake),3.1 GHz,NA,100 Gigabit,true,Shared,192,No,,No License required,Yes,SQL Web,64-bit,nitro,2375.0,80000
c4.2xlarge,Yes,Yes,15 GiB,1000 Mbps,8,false,EBS only,Yes,Intel Xeon E5-2666 v3 (Haswell),2.9 GHz,31,High,true,Shared,16,Yes,Intel AVX; Intel AVX2; Intel Turbo,No License required,Yes,SQL Web,64-bit,xen,125.0,8000
m5.24xlarge,Yes,Yes,384 GiB,12000 Mbps,96,false,EBS only,Yes,Intel Xeon Platinum 8175,3.1 GHz,337,25 Gigabit,true,Shared,192,Yes,Intel AVX; Intel AVX2; Intel AVX512; Intel Turbo,No License required,Yes,SQL Ent,64-bit,nitro,2375.0,80000
c5ad.2xlarge,Yes,No,16 GiB,Up to 3170 Mbps,8,false,1 x 300 NVMe SSD,No,AMD EPYC 7R32,2.8 GHz,NA,Up to 10 Gigabit,true,Shared,16,No,AMD Turbo; AVX; AVX2,No License required,Yes,NA,64-bit,nitro,396.25,13300
m3.xlarge,No,Yes,15 GiB,500 Mbps,4,true,2 x 40 SSD,No,Intel Xeon E5-2670 v2 (Ivy Bridge/Sandy Bridge),2.5 GHz,13,High,true,Shared,8,Yes,Intel AVX; Intel Turbo,No License required,No,NA,64-bit,xen,62.5,4000
m5a.large,Yes,No,8 GiB,Up to 2120 Mbps,2,false,EBS only,No,AMD EPYC 7571,2.5 GHz,NA,Up to 10 Gigabit,true,Shared,4,No,AVX; AVX2; AMD Turbo,No License required,Yes,SQL Std,64-bit,nitro,360.0,16000
r5dn.16xlarge,No,No,512 GiB,10000 Mbps,64,false,4 x 600 NVMe SSD,No,Intel Xeon Platinum 8259 (Cascade Lake),3.1 GHz,NA,75 Gigabit,true,Shared,128,No,,No License required,Yes,SQL Ent,64-bit,nitro,1700.0,60000
m2.4xlarge,No,No,68.4 GiB,,8,true,2 x 840 SSD,No,Intel Xeon Family,,26,High,true,Shared,32,No,,Bring your own license,No,NA,64-bit,xen,125.0,8000
m6gd.8xlarge,Yes,No,128 GiB,9000 Mbps,32,false,1 x 1900 NVMe SSD,No,AWS Graviton2 Processor,2.5 GHz,NA,10 Gigabit,true,Shared,64,No,,No License required,Yes,NA,64-bit,nitro,1187.5,40000
c6i.large,Yes,Yes,4 GiB,Up to 10000 Mbps,2,false,EBS only,Yes,Intel Xeon 8375C (Ice Lake),3.5 GHz,NA,Up to 12500 Megabit,true,Shared,4,Yes,Intel AVX; Intel AVX2; Intel AVX512; Intel Turbo,No License required,Yes,SQL Std,64-bit,nitro,1250.0,40000
c5a.xlarge,Yes,No,8 GiB,Up to 3170 Mbps,4,false,EBS only,No,AMD EPYC 7R32,2.8 GHz,NA,Up to 10 Gigabit,true,Shared,8,No,AMD Turbo; AVX; AVX2,No License required,Yes,SQL Std,32-bit or 64-bit,nitro,396.25,13300
c3.large,Yes,Yes,3.75 GiB,,2,true,2 x 16 SSD,No,Intel Xeon E5-2680 v2 (Ivy Bridge),2.8 GHz,7,Moderate,true,Shared,4,Yes,Intel AVX; Intel Turbo,No License required,No,NA,32-bit or 64-bit,xen,50,100
r6i.metal,Yes,Yes,1024 GiB,40000 Mbps,128,false,EBS only,Yes,Intel Xeon 8375C (Ice Lake),3.5 GHz,NA,50000 Megabit,true,Shared,256,Yes,Intel AVX; Intel AVX2; Intel AVX512; Intel Turbo,No License required,Yes,SQL Ent,64-bit,nitro,5000.0,160000
c5.18xlarge,Yes,Yes,144 GiB,9000 Mbps,72,false,EBS only,Yes,Intel Xeon Platinum 8124M,3 GHz,281,25 Gigabit,true,Shared,144,Yes,Intel AVX; Intel AVX2; Intel AVX512; Intel Turbo,No License required,Yes,NA,64-bit,,,
r5b.16xlarge,Yes,No,512 GiB,40 Gbps,64,false,EBS only,No,Intel Xeon Platinum 8259 (Cascade Lake),3.1 GHz,NA,20 Gigabit,true,Shared,128,Yes,,No License required,Yes,NA,64-bit,nitro,5000.0,173333
t3a.2xlarge,Yes,No,32 GiB,Up to 2780 Mbps,8,false,EBS only,No,AMD EPYC 7571,2.5 GHz,Variable,Up to 5 Gigabit,true,Shared,16,No,AVX; AVX2; AMD Turbo,No License required,Yes,NA,64-bit,nitro,347.5,15700
c6gd.metal,Yes,No,128 GiB,18000 Mbps,64,false,2 x 1900 NVMe SSD,No,AWS Graviton2 Processor,2.5 GHz,NA,25 Gigabit,true,Shared,128,No,,No License required,Yes,NA,64-bit,nitro,2375.0,80000
m5ad.2xlarge,Yes,No,32 GiB,Up to 2120 Mbps,8,false,1 x 300 NVMe SSD,No,AMD EPYC 7571,2.5 GHz,NA,Up to 10 Gigabit,true,Shared,16,No,AVX; AVX2; AMD Turbo,No License required,Yes,SQL Ent,64-bit,nitro,360.0,16000
c5n.18xlarge,Yes,Yes,192 GiB,14000 Mbps,72,false,EBS only,Yes,Intel Xeon Platinum 8124M,3 GHz,281,100 Gigabit,true,Shared,144,Yes,Intel AVX; Intel AVX2; Intel AVX512; Intel Turbo,No License required,Yes,SQL Ent,64-bit,nitro,2375.0,80000
r5n.metal,No,No,768 GiB,12000 Mbps,96,false,EBS only,No,Intel Xeon Platinum 8259 (Cascade Lake),2.5 GHz,NA,100 Gigabit,true,Shared,192,No,,No License required,Yes,NA,64-bit,nitro,2375.0,80000
i3.xlarge,Yes,Yes,30.5 GiB,850 Mbps,4,false,1 x 950 NVMe SSD,Yes,Intel Xeon E5-2686 v4 (Broadwell),2.3 GHz,16,Up to 10 Gigabit,true,Shared,8,Yes,Intel AVX; Intel AVX2; Intel Turbo,No License required,Yes,NA,64-bit,xen,106.25,6000
r3.large,Yes,Yes,15.25 GiB,,2,true,1 x 32 SSD,No,Intel Xeon E5-2670 v2 (Ivy Bridge),2.5 GHz,6.5,Moderate,true,Shared,4,Yes,Intel AVX; Intel Turbo,No License required,No,SQL Web,64-bit,xen,50,100
u-6tb1.112xlarge,Yes,No,6144 GiB,38000 Mbps,448,false,EBS only,Yes,Intel Xeon Scalable (Skylake),,NA,100 Gigabit,true,Shared,NA,Yes,AVX; Intel AVX; Intel AVX2,No License required,Yes,NA,64-bit,nitro,4750.0,160000
i3en.xlarge,Yes,Yes,32 GiB,Up to 3500 Mbps,4,false,1 x 2500 NVMe SSD,Yes,Intel Xeon Platinum 8175,3.1 GHz,NA,Up to 25 Gigabit,true,Shared,8,Yes,Intel AVX; Intel AVX2; Intel AVX512; Intel Turbo,No License required,Yes,SQL Std,64-bit,nitro,593.75,20000
z1d.2xlarge,Yes,Yes,64 GiB,2333 Mbps,8,false,1 x 300 NVMe SSD,Yes,Intel Xeon Platinum 8151,4 GHz,45,Up to 10 Gigabit,true,Shared,16,Yes,Intel AVX; Intel AVX2; Intel AVX512; Intel Turbo,Bring your own license,Yes,NA,64-bit,nitro,396.25,13333
m6i.8xlarge,Yes,Yes,128 GiB,10000 Mbps,32,false,EBS only,Yes,Intel Xeon 8375C (Ice Lake),3.5 GHz,NA,12500 Megabit,true,Shared,64,Yes,Intel AVX; Intel AVX2; Intel AVX512; Intel Turbo,No License required,Yes,SQL Web,64-bit,nitro,1250.0,40000
r5d.large,Yes,Yes,16 GiB,Up to 2120 Mbps,2,false,1 x 75 NVMe SSD,Yes,Intel Xeon Platinum 8175,3.1 GHz,10,Up to 10 Gigabit,true,Shared,4,Yes,Intel AVX; Intel AVX2; Intel AVX512; Intel Turbo,No License required,Yes,NA,64-bit,nitro,593.75,18750
m6i.large,Yes,Yes,8 GiB,Up to 10000 Mbps,2,false,EBS only,Yes,Intel Xeon 8375C (Ice Lake),3.5 GHz,NA,Up to 12500 Megabit,true,Shared,4,Yes,Intel AVX; Intel AVX2; Intel AVX512; Intel Turbo,No License required,Yes,SQL Std,64-bit,,,
m6i.xlarge,Yes,Yes,16 GiB,Up to 10000 Mbps,4,false,EBS only,Yes,Intel Xeon 8375C (Ice Lake),3.5 GHz,NA,Up to 12500 Megabit,true,Shared,8,Yes,Intel AVX; Intel AVX2; Intel AVX512; Intel Turbo,No License required,Yes,SQL Std,64-bit,nitro,1250.0,40000
c5a.large,Yes,No,4 GiB,Up to 3170 Mbps,2,false,EBS only,No,AMD EPYC 7R32,2.8 GHz,NA,Up to 10 Gigabit,true,Shared,4,No,AMD Turbo; AVX; AVX2,No License required,Yes,SQL Web,32-bit or 64-bit,nitro,396.25,13300
c6i.12xlarge,Yes,Yes,96 GiB,15000 Mbps,48,false,EBS only,Yes,Intel Xeon 8375C (Ice Lake),3.5 GHz,NA,18750 Megabit,true,Shared,96,Yes,Intel AVX; Intel AVX2; Intel AVX512; Intel Turbo,No License required,Yes,SQL Std,64-bit,nitro,1875.0,60000
c5n.large,Yes,Yes,5.25 GiB,Up to 3500 Mbps,2,false,EBS only,Yes,Intel Xeon Platinum 8124M,3 GHz,10,Up to 25 Gigabit,true,Shared,4,Yes,Intel AVX; Intel AVX2; Intel AVX512; Intel Turbo,No License required,Yes,NA,64-bit,nitro,593.75,20000
r5d.16xlarge,Yes,Yes,512 GiB,10000 Mbps,64,false,4 x 600 NVMe SSD,Yes,Intel Xeon Platinum 8175,3.1 GHz,256,20 Gigabit,true,Shared,128,Yes,Intel AVX; Intel AVX2; Intel AVX512; Intel Turbo,No License required,Yes,SQL Ent,64-bit,nitro,1700.0,60000
m5.16xlarge,Yes,Yes,256 GiB,10000 Mbps,64,false,EBS only,Yes,Intel Xeon Platinum 8175,3.1 GHz,256,20 Gigabit,true,Shared,128,Yes,Intel AVX; Intel AVX2; Intel AVX512; Intel Turbo,No License required,Yes,SQL Ent,64-bit,nitro,1700.0,60000
i2.8xlarge,Yes,Yes,244 GiB,1500 Mbps,32,true,8 x 800 SSD,No,Intel Xeon E5-2670 v2 (Ivy Bridge),2.5 GHz,104,10 Gigabit,true,Shared,64,Yes,Intel AVX; Intel Turbo,No License required,No,NA,64-bit,xen,50,100
r5n.4xlarge,No,No,128 GiB,2120 Mbps,16,false,EBS only,No,Intel Xeon Platinum 8259 (Cascade Lake),2.5 GHz,NA,Up to 25 Gigabit,true,Shared,32,No,,No License required,Yes,SQL Std,64-bit,nitro,593.75,18750
x2iedn.xlarge,Yes,Yes,128 GiB,Up to 20000 Mbps,4,false,1 x 118 NVMe SSD,Yes,Intel Xeon Scalable (Icelake),3.5 GHz,NA,Up to 25 Gigabit,true,Shared,8,Yes,Intel AVX; Intel AVX2; Intel AVX512; Intel Turbo,No License required,Yes,SQL Web,64-bit,nitro,2500.0,65000
r6gd.12xlarge,Yes,No,384 GiB,13500 Mbps,48,false,2 x 1425 NVMe SSD,No,AWS Graviton2 Processor,2.5 GHz,NA,20 Gigabit,true,Shared,96,No,,No License required,Yes,NA,64-bit,nitro,1781.25,50000
i3.16xlarge,Yes,Yes,488 GiB,14000 Mbps,64,false,8 x 1900 NVMe SSD,Yes,Intel Xeon E5-2686 v4 (Broadwell),2.3 GHz,201,20 Gigabit,true,Shared,128,Yes,Intel AVX; Intel AVX2; Intel Turbo,No License required,Yes,SQL Web,64-bit,xen,1750.0,65000
r5dn.8xlarge,No,No,256 GiB,5000 Mbps,32,false,2 x 600 NVMe SSD,No,Intel Xeon Platinum 8259 (Cascade Lake),3.1 GHz,NA,25 Gigabit,true,Shared,64,No,,No License required,Yes,NA,64-bit,nitro,850.0,30000
c5.2xlarge,Yes,Yes,16 GiB,Up to 2250 Mbps,8,false,EBS only,Yes,Intel Xeon Platinum 8124M,3 GHz,39,Up to 10 Gigabit,true,Shared,16,Yes,Intel AVX; Intel AVX2; Intel AVX512; Intel Turbo,No License required,Yes,SQL Ent,64-bit,nitro,593.75,20000
c6i.8xlarge,Yes,Yes,64 GiB,10000 Mbps,32,false,EBS only,Yes,Intel Xeon 8375C (Ice Lake),3.5 GHz,NA,12500 Megabit,true,Shared,64,Yes,Intel AVX; Intel AVX2; Intel AVX512; Intel Turbo,No License required,Yes,SQL Ent,64-bit,nitro,1250.0,40000
d2.4xlarge,Yes,Yes,122 GiB,2000 Mbps,16,true,12 x 2000 HDD,Yes,Intel Xeon E5-2676 v3 (Haswell),2.4 GHz,56,High,true,Shared,32,Yes,Intel AVX; Intel AVX2; Intel Turbo,No License required,Yes,NA,64-bit,xen,250.0,16000
m5d.xlarge,Yes,Yes,16 GiB,Up to 2120 Mbps,4,false,1 x 150 NVMe SSD,Yes,Intel Xeon Platinum 8175,3.1 GHz,16,Up to 10 Gigabit,true,Shared,8,Yes,Intel AVX; Intel AVX2; Intel AVX512; Intel Turbo,No License required,Yes,NA,64-bit,nitro,593.75,18750
c5n.metal,Yes,Yes,192 GiB,14000 Mbps,72,false,EBS only,Yes,Intel Xeon Platinum 8124M,3 GHz,NA,100 Gigabit,true,Shared,144,Yes,Intel AVX; Intel AVX2; Intel AVX512; Intel Turbo,No License required,Yes,SQL Ent,64-bit,nitro,2375.0,80000
c5a.16xlarge,Yes,No,128 GiB,6300 Mbps,64,false,EBS only,No,AMD EPYC 7R32,2.8 GHz,NA,20 Gigabit,true,Shared,128,No,AMD Turbo; AVX; AVX2,No License required,Yes,SQL Ent,32-bit or 64-bit,nitro,787.5,26700
r5dn.2xlarge,No,No,64 GiB,Up to 2120 Mbps,8,false,1 x 300 NVMe SSD,No,Intel Xeon Platinum 8259 (Cascade Lake),3.1 GHz,NA,Up to 25 Gigabit,true,Shared,16,No,,No License required,Yes,SQL Ent,64-bit,nitro,593.75,18750
d3.4xlarge,Yes,Yes,128 GiB,2800 Mbps,16,false,12 x 2000 HDD,Yes,Intel Xeon Platinum 8259 (Cascade Lake),3.1 GHz,NA,Up to 15 Gigabit,true,Shared,32,Yes,AVX; AVX2; Intel AVX; Intel AVX2; Intel AVX512; Intel Turbo,No License required,Yes,SQL Std,64-bit,nitro,350.0,15000
c5d.4xlarge,Yes,Yes,32 GiB,Up to 2250 Mbps,16,false,1 x 400 NVMe SSD,Yes,Intel Xeon Platinum 8124M,3 GHz,73,Up to 10 Gigabit,true,Shared,32,Yes,Intel AVX; Intel AVX2; Intel AVX512; Intel Turbo,No License required,Yes,NA,64-bit,nitro,593.75,20000
c6i.xlarge,Yes,Yes,8 GiB,Up to 10000 Mbps,4,false,EBS only,Yes,Intel Xeon 8375C (Ice Lake),3.5 GHz,NA,Up to 12500 Megabit,true,Shared,8,Yes,Intel AVX; Intel AVX2; Intel AVX512; Intel Turbo,No License required,Yes,SQL Ent,64-bit,nitro,1250.0,40000
c6gd.large,Yes,No,4 GiB,Up to 4500 Mbps,2,false,1 x 118 NVMe SSD,No,AWS Graviton2 Processor,2.5 GHz,NA,Up to 10 Gigabit,true,Shared,4,No,,No License required,Yes,NA,64-bit,nitro,593.75,20000
r5a.xlarge,Yes,No,32 GiB,Up to 2120 Mbps,4,false,EBS only,No,AMD EPYC 7571,2.5 GHz,NA,Up to 10 Gigabit,true,Shared,8,No,AVX; AVX2; AMD Turbo,No License required,Yes,NA,64-bit,nitro,360.0,16000
m5d.12xlarge,Yes,Yes,192 GiB,6000 Mbps,48,false,2 x 900 NVMe SSD,Yes,Intel Xeon Platinum 8175,3.1 GHz,168,10 Gigabit,true,Shared,96,Yes,Intel AVX; Intel AVX2; Intel AVX512; Intel Turbo,No License required,Yes,NA,64-bit,nitro,1187.5,40000
r5.2xlarge,Yes,Yes,64 GiB,Up to 4750 Mbps,8,false,EBS only,Yes,Intel Xeon Platinum 8175,3.1 GHz,37,Up to 10 Gigabit,true,Shared,16,Yes,Intel AVX; Intel AVX2; Intel AVX512; Intel Turbo,No License required,Yes,SQL Web,64-bit,nitro,593.75,18750
m5.metal,Yes,Yes,384 GiB,12000 Mbps,96,false,EBS only,Yes,Intel Xeon Platinum 8175,3.1 GHz,345,25 Gigabit,true,Shared,192,Yes,Intel AVX; Intel AVX2; Intel AVX512; Intel Turbo,No License required,Yes,SQL Std,64-bit,nitro,2375.0,80000
c5.9xlarge,Yes,Yes,72 GiB,4500 Mbps,36,false,EBS only,Yes,Intel Xeon Platinum 8124M,3 GHz,139,10 Gigabit,true,Shared,72,Yes,Intel AVX; Intel AVX2; Intel AVX512; Intel Turbo,No License required,Yes,NA,64-bit,nitro,1187.5,40000
x1e.16xlarge,Yes,No,1952 GiB,7000 Mbps,64,false,1 x 1920 SSD,Yes,High Frequency Intel Xeon E7-8880 v3 (Haswell),2.3 GHz,179,10 Gigabit,true,Shared,128,Yes,Intel AVX; Intel AVX2,No License required,Yes,SQL Ent,64-bit,xen,875.0,40000
r6gd.16xlarge,Yes,No,512 GiB,18000 Mbps,64,false,2 x 1900 NVMe SSD,No,AWS Graviton2 Processor,2.5 GHz,NA,25 Gigabit,true,Shared,128,No,,No License required,Yes,NA,64-bit,nitro,2375.0,80000
m6i.2xlarge,Yes,Yes,32 GiB,Up to 10000 Mbps,8,false,EBS only,Yes,Intel Xeon 8375C (Ice Lake),3.5 GHz,NA,Up to 12500 Megabit,true,Shared,16,Yes,Intel AVX; Intel AVX2; Intel AVX512; Intel Turbo,No License required,Yes,NA,64-bit,nitro,1250.0,40000
t4g.medium,No,No,4 GiB,Up to 2085 Mbps,2,false,EBS only,No,AWS Graviton2 Processor,2.5 GHz,NA,Up to 5 Gigabit,true,Shared,2,No,,No License required,Yes,NA,64-bit,nitro,260.625,11800
m5zn.large,Yes,Yes,8 GiB,Up to 3170 Mbps,2,false,EBS only,Yes,Intel Xeon Platinum 8252,4.5 GHz,NA,Up to 25 Gigabit,true,Shared,4,Yes,Intel AVX; Intel AVX2; Intel AVX512; Intel Turbo,No License required,Yes,NA,64-bit,nitro,396.25,13333
r4.2xlarge,Yes,Yes,61 GiB,1600 Mbps,8,false,EBS only,Yes,Intel Xeon E5-2686 v4 (Broadwell),2.3 GHz,31,Up to 10 Gigabit,true,Shared,16,Yes,Intel AVX; Intel AVX2; Intel Turbo,No License required,Yes,NA,64-bit,xen,212.5,12000
r6g.12xlarge,Yes,No,384 GiB,13500 Mbps,48,false,EBS only,No,AWS Graviton2 Processor,2.5 GHz,NA,20 Gigabit,true,Shared,96,No,,No License required,Yes,NA,64-bit,nitro,1781.25,50000
c3.xlarge,Yes,Yes,7.5 GiB,,4,true,2 x 40 SSD,No,Intel Xeon E5-2680 v2 (Ivy Bridge),2.8 GHz,14,Moderate,true,Shared,8,Yes,Intel AVX; Intel Turbo,No License required,No,SQL Web,64-bit,xen,62.5,4000
c6gn.4xlarge,Yes,No,32 GiB,9500 Mbps,16,false,EBS only,No,AWS Graviton2 Processor,2.5 GHz,NA,25 Gigabit,true,Shared,32,No,,No License required,Yes,NA,64-bit,nitro,1187.5,40000
c5.metal,Yes,Yes,192 GiB,14000 Mbps,96,false,EBS only,Yes,Intel Xeon Platinum 8275L,3 GHz,375,25 Gigabit,true,Shared,192,Yes,Intel AVX; Intel AVX2; Intel AVX512; Intel Deep Learning Boost; Intel Turbo,No License required,Yes,NA,64-bit,nitro,2375.0,80000
c5d.xlarge,Yes,Yes,8 GiB,Up to 2250 Mbps,4,false,1 x 100 NVMe SSD,Yes,Intel Xeon Platinum 8124M,3 GHz,20,Up to 10 Gigabit,true,Shared,8,Yes,Intel AVX; Intel AVX2; Intel AVX512; Intel Turbo,No License required,Yes,NA,64-bit,nitro,593.75,20000
r6g.4xlarge,Yes,No,128 GiB,4500 Mbps,16,false,EBS only,No,AWS Graviton2 Processor,2.5 GHz,NA,Up to 10 Gigabit,true,Shared,32,No,,No License required,Yes,NA,64-bit,nitro,593.75,20000
t4g.small,No,No,2 GiB,Up to 2085 Mbps,2,false,EBS only,No,AWS Graviton2 Processor,2.5 GHz,NA,Up to 5 Gigabit,true,Shared,1,No,,No License required,Yes,NA,64-bit,nitro,260.625,11800
r5dn.metal,No,No,768 GiB,12000 Mbps,96,false,4 x 900 NVMe SSD,No,Intel Xeon Platinum 8259 (Cascade Lake),3.1 GHz,NA,100 Gigabit,true,Shared,192,No,,No License required,Yes,SQL Ent,64-bit,nitro,2375.0,80000
r5n.large,No,No,16 GiB,Up to 2120 Mbps,2,false,EBS only,No,Intel Xeon Platinum 8259 (Cascade Lake),2.5 GHz,NA,Up to 25 Gigabit,true,Shared,4,No,,No License required,Yes,NA,64-bit,nitro,593.75,18750
t3.medium,No,Yes,4 GiB,Up to 2085 Mbps,2,false,EBS only,Yes,Intel Skylake E5 2686 v5,3.1 GHz,Variable,Up to 5 Gigabit,true,Shared,2,Yes,AVX; AVX2; Intel AVX; Intel AVX2; Intel AVX512; Intel Turbo,No License required,Yes,SQL Web,64-bit,nitro,260.625,11800
i3en.24xlarge,Yes,Yes,768 GiB,14000 Mbps,96,false,8 x 7500 NVMe SSD,Yes,Intel Xeon Platinum 8175,3.1 GHz,337,100 Gigabit,true,Shared,192,Yes,Intel AVX; Intel AVX2; Intel AVX512; Intel Turbo,No License required,Yes,SQL Ent,64-bit,nitro,2375.0,80000
p2.xlarge,Yes,Yes,61 GiB,750 Mbps,4,false,EBS only,Yes,Intel Xeon E5-2686 v4 (Broadwell),2.3 GHz,16,High,true,Shared,8,Yes,Intel AVX; Intel AVX2; Intel Turbo,No License required,Yes,NA,64-bit,xen,93.75,6000
m5a.16xlarge,Yes,No,256 GiB,7000 Mbps,64,false,EBS only,No,AMD EPYC 7571,2.5 GHz,NA,12 Gigabit,true,Shared,128,No,AVX; AVX2; AMD Turbo,No License required,Yes,NA,64-bit,nitro,1187.5,40000
m5n.metal,No,No,384 GiB,14000 Mbps,96,false,EBS only,No,Intel Xeon Platinum 8259 (Cascade Lake),3.1 GHz,NA,100 Gigabit,true,Shared,192,No,,No License required,Yes,NA,64-bit,nitro,2375.0,80000
m2.2xlarge,No,No,34.2 GiB,,4,true,1 x 850 SSD,No,Intel Xeon Family,,13,Moderate,true,Shared,16,No,,No License required,No,NA,64-bit,xen,62.5,4000
m4.4xlarge,Yes,Yes,64 GiB,2000 Mbps,16,false,EBS only,Yes,Intel Xeon E5-2676 v3 (Haswell),2.4 GHz,53.5,High,true,Shared,32,Yes,Intel AVX; Intel AVX2; Intel Turbo,No License required,Yes,NA,64-bit,xen,250.0,16000
r6gd.4xlarge,Yes,No,128 GiB,4500 Mbps,16,false,1 x 950 NVMe SSD,No,AWS Graviton2 Processor,2.5 GHz,NA,Up to 10 Gigabit,true,Shared,32,No,,No License required,Yes,NA,64-bit,nitro,593.75,20000
m1.xlarge,No,No,15 GiB,,4,true,4 x 420 SSD,No,Intel Xeon Family,,8,High,true,Shared,8,No,,No License required,No,NA,64-bit,xen,125.0,8000
m6i.32xlarge,Yes,Yes,512 GiB,40000 Mbps,128,false,EBS only,Yes,Intel Xeon 8375C (Ice Lake),3.5 GHz,NA,50000 Megabit,true,Shared,256,Yes,Intel AVX; Intel AVX2; Intel AVX512; Intel Turbo,No License required,Yes,SQL Web,64-bit,nitro,5000.0,160000
t3a.medium,Yes,No,4 GiB,Up to 2085 Mbps,2,false,EBS only,No,AMD EPYC 7571,2.5 GHz,Variable,Up to 5 Gigabit,true,Shared,2,No,AVX; AVX2; AMD Turbo,No License required,Yes,NA,64-bit,nitro,260.625,11800
r5b.2xlarge,Yes,No,64 GiB,Up to 12.5 Gbps,8,false,EBS only,No,Intel Xeon Platinum 8259 (Cascade Lake),3.1 GHz,NA,Up to 10 Gigabit,true,Shared,16,Yes,,No License required,Yes,NA,64-bit,nitro,1250.0,43333
t4g.xlarge,No,No,16 GiB,Up to 2780 Mbps,4,false,EBS only,No,AWS Graviton2 Processor,2.5 GHz,NA,Up to 5 Gigabit,true,Shared,8,No,,No License required,Yes,NA,64-bit,nitro,347.5,15700
i3.4xlarge,Yes,Yes,122 GiB,3500 Mbps,16,false,2 x 1900 NVMe SSD,Yes,Intel Xeon E5-2686 v4 (Broadwell),2.3 GHz,58,Up to 10 Gigabit,true,Shared,32,Yes,Intel AVX; Intel AVX2; Intel Turbo,No License required,Yes,SQL Std,64-bit,xen,437.5,16000
r5b.large,Yes,No,16 GiB,Up to 10 Gbps,2,false,EBS only,No,Intel Xeon Platinum 8259 (Cascade Lake),3.1 GHz,NA,Up to 10 Gigabit,true,Shared,4,Yes,,No License required,Yes,SQL Ent,64-bit,nitro,1250.0,43333
r6i.32xlarge,Yes,Yes,1024 GiB,40000 Mbps,128,false,EBS only,Yes,Intel Xeon 8375C (Ice Lake),3.5 GHz,NA,50000 Megabit,true,Shared,256,Yes,Intel AVX; Intel AVX2; Intel AVX512; Intel Turbo,No License required,Yes,NA,64-bit,nitro,5000.0,160000
c5d.metal,Yes,Yes,192 GiB,14000 Mbps,96,false,4 x 900 NVMe SSD,Yes,Intel Xeon Platinum 8275L,3 GHz,375,25 Gigabit,true,Shared,192,Yes,Intel AVX; Intel AVX2; Intel AVX512; Intel Deep Learning Boost; Intel Turbo,No License required,Yes,SQL Ent,64-bit,nitro,2375.0,80000
r4.8xlarge,Yes,Yes,244 GiB,6000 Mbps,32,false,EBS only,Yes,Intel Xeon E5-2686 v4 (Broadwell),2.3 GHz,97,10 Gigabit,true,Shared,64,Yes,Intel AVX; Intel AVX2; Intel Turbo,No License required,Yes,SQL Std,64-bit,xen,875.0,37500
g4dn.metal,Yes,Yes,384 GiB,14000 Mbps,96,false,2 x 900 GB NVMe SSD,Yes,Intel Xeon Family,2.5 GHz,NA,100 Gigabit,true,Shared,NA,Yes,Intel AVX; Intel AVX2; Intel AVX512; Intel Turbo,No License required,Yes,NA,64-bit,nitro,2375.0,80000
m5.2xlarge,Yes,Yes,32 GiB,Up to 2120 Mbps,8,false,EBS only,Yes,Intel Xeon Platinum 8175,3.1 GHz,37,Up to 10 Gigabit,true,Shared,16,Yes,Intel AVX; Intel AVX2; Intel AVX512; Intel Turbo,No License required,Yes,SQL Std,64-bit,nitro,593.75,18750
x2iedn.2xlarge,Yes,Yes,256 GiB,Up to 20000 Mbps,8,false,1 x 237 NVMe SSD,Yes,Intel Xeon Scalable (Icelake),3.5 GHz,NA,Up to 25 Gigabit,true,Shared,16,Yes,Intel AVX; Intel AVX2; Intel AVX512; Intel Turbo,No License required,Yes,NA,64-bit,nitro,2500.0,65000
m5dn.4xlarge,No,No,64 GiB,3500 Mbps,16,false,2 x 300 NVMe SSD,No,Intel Xeon Platinum 8259 (Cascade Lake),3.1 GHz,NA,Up to 25 Gigabit,true,Shared,32,No,,No License required,Yes,SQL Ent,64-bit,nitro,593.75,18750
r6i.24xlarge,Yes,Yes,768 GiB,30000 Mbps,96,false,EBS only,Yes,Intel Xeon 8375C (Ice Lake),3.5 GHz,NA,37500 Megabit,true,Shared,192,Yes,Intel AVX; Intel AVX2; Intel AVX512; Intel Turbo,No License required,Yes,NA,64-bit,nitro,3750.0,120000
c5d.2xlarge,Yes,Yes,16 GiB,Up to 2250 Mbps,8,false,1 x 200 NVMe SSD,Yes,Intel Xeon Platinum 8124M,3 GHz,39,Up to 10 Gigabit,true,Shared,16,Yes,Intel AVX; Intel AVX2; Intel AVX512; Intel Turbo,No License required,Yes,NA,64-bit,nitro,593.75,20000
c5ad.8xlarge,Yes,No,64 GiB,3170 Mbps,32,false,2 x 600 NVMe SSD,No,AMD EPYC 7R32,2.8 GHz,NA,10 Gigabit,true,Shared,64,No,AMD Turbo; AVX; AVX2,No License required,Yes,NA,64-bit,nitro,396.25,13300
c5n.9xlarge,Yes,Yes,96 GiB,7000 Mbps,36,false,EBS only,Yes,Intel Xeon Platinum 8124M,3 GHz,139,50 Gigabit,true,Shared,72,Yes,Intel AVX; Intel AVX2; Intel AVX512; Intel Turbo,No License required,Yes,NA,64-bit,nitro,1187.5,40000
r5b.12xlarge,Yes,No,384 GiB,30 Gbps,48,false,EBS only,No,Intel Xeon Platinum 8259 (Cascade Lake),3.1 GHz,NA,10 Gigabit,true,Shared,96,Yes,,No License required,Yes,SQL Ent,64-bit,nitro,3750.0,130000
p3.8xlarge,Yes,Yes,244 GiB,7000 Mbps,32,false,EBS only,Yes,Intel Xeon E5-2686 v4 (Broadwell),2.3 GHz,97,10 Gigabit,true,Shared,64,Yes,Intel AVX; Intel AVX2; Intel Turbo,No License required,Yes,NA,64-bit,xen,875.0,40000
m6g.medium,Yes,No,4 GiB,300 Mbps,1,false,EBS only,No,AWS Graviton2 Processor,,NA,Up to 10 Gigabit,true,Shared,2,No,,No License required,Yes,NA,64-bit,nitro,593.75,20000
g3.16xlarge,Yes,Yes,488 GiB,14000 Mbps,64,false,EBS only,Yes,Intel Xeon E5-2686 v4 (Broadwell),2.3 GHz,201,20 Gigabit,true,Shared,128,Yes,Intel AVX; Intel AVX2; Intel Turbo,No License required,Yes,NA,64-bit,xen,1750.0,80000
m6g.12xlarge,Yes,No,192 GiB,13500 Mbps,48,false,EBS only,No,AWS Graviton2 Processor,,NA,12 Gigabit,true,Shared,96,No,,No License required,Yes,NA,64-bit,nitro,1781.25,50000
m1.small,No,No,1.7 GiB,,1,true,1 x 160 SSD,No,Intel Xeon Family,,1,Low,true,Shared,1,No,,No License required,No,SQL Web,32-bit or 64-bit,xen,50,100
r5n.xlarge,No,No,32 GiB,Up to 2120 Mbps,4,false,EBS only,No,Intel Xeon Platinum 8259 (Cascade Lake),2.5 GHz,NA,Up to 25 Gigabit,true,Shared,8,No,,No License required,Yes,NA,64-bit,nitro,593.75,18750
m6gd.xlarge,Yes,No,16 GiB,Up to 4500 Mbps,4,false,1 x 237 NVMe SSD,No,AWS Graviton2 Processor,2.5 GHz,NA,Up to 10 Gigabit,true,Shared,8,No,,No License required,Yes,NA,64-bit,nitro,593.75,20000
m5zn.3xlarge,Yes,Yes,48 GiB,4750 Mbps,12,false,EBS only,Yes,Intel Xeon Platinum 8252,4.5 GHz,NA,Up to 25 Gigabit,true,Shared,24,Yes,Intel AVX; Intel AVX2; Intel AVX512; Intel Turbo,No License required,Yes,SQL Std,64-bit,nitro,593.75,20000
c6gn.large,Yes,No,4 GiB,Up to 9500 Mbps,2,false,EBS only,No,AWS Graviton2 Processor,2.5 GHz,NA,Up to 25 Gigabit,true,Shared,4,No,,No License required,Yes,NA,64-bit,nitro,1187.5,40000
r5d.metal,Yes,Yes,768 GiB,12000 Mbps,96,false,4 x 900 NVMe SSD,Yes,Intel Xeon Platinum 8175,3.1 GHz,347,25 Gigabit,true,Shared,192,Yes,Intel AVX; Intel AVX2; Intel AVX512; Intel Turbo,No License required,Yes,SQL Ent,64-bit,nitro,2375.0,80000
t4g.2xlarge,No,No,32 GiB,Up to 2780 Mbps,8,false,EBS only,No,AWS Graviton2 Processor,2.5 GHz,NA,Up to 5 Gigabit,true,Shared,16,No,,No License required,Yes,NA,64-bit,nitro,347.5,15700
c4.xlarge,Yes,Yes,7.5 GiB,750 Mbps,4,false,EBS only,Yes,Intel Xeon E5-2666 v3 (Haswell),2.9 GHz,16,High,true,Shared,8,Yes,Intel AVX; Intel AVX2; Intel Turbo,No License required,Yes,NA,64-bit,xen,93.75,6000
c5a.2xlarge,Yes,No,16 GiB,Up to 3170 Mbps,8,false,EBS only,No,AMD EPYC 7R32,2.8 GHz,NA,Up to 10 Gigabit,true,Shared,16,No,AMD Turbo; AVX; AVX2,No License required,Yes,SQL Ent,32-bit or 64-bit,nitro,396.25,13300
t3.large,No,Yes,8 GiB,Up to 2780 Mbps,2,false,EBS only,Yes,Intel Skylake E5 2686 v5,3.1 GHz,Variable,Up to 5 Gigabit,true,Shared,4,Yes,AVX; AVX2; Intel AVX; Intel AVX2; Intel AVX512; Intel Turbo,No License required,Yes,NA,64-bit,nitro,347.5,15700
r5b.8xlarge,Yes,No,256 GiB,5 Gbps,32,false,EBS only,No,Intel Xeon Platinum 8259 (Cascade Lake),3.1 GHz,NA,10 Gigabit,true,Shared,64,Yes,,No License required,Yes,NA,64-bit,nitro,2500.0,86667
d2.2xlarge,Yes,Yes,61 GiB,1000 Mbps,8,true,6 x 2000 HDD,Yes,Intel Xeon E5-2676 v3 (Haswell),2.4 GHz,28,High,true,Shared,16,Yes,Intel AVX; Intel AVX2; Intel Turbo,No License required,Yes,SQL Ent,64-bit,xen,125.0,8000
c6i.metal,Yes,Yes,256 GiB,40000 Mbps,128,false,EBS only,Yes,Intel Xeon 8375C (Ice Lake),3.5 GHz,NA,50000 Megabit,true,Shared,256,Yes,Intel AVX; Intel AVX2; Intel AVX512; Intel Turbo,No License required,Yes,SQL Std,64-bit,nitro,5000.0,160000
z1d.3xlarge,Yes,Yes,96 GiB,3500 Mbps,12,false,1 x 450 NVMe SSD,Yes,Intel Xeon Platinum 8151,4 GHz,64,Up to 10 Gigabit,true,Shared,24,Yes,Intel AVX; Intel AVX2; Intel AVX512; Intel Turbo,No License required,Yes,NA,64-bit,nitro,593.75,20000
x2idn.24xlarge,Yes,Yes,1536 GiB,60 Gbps,96,false,2 x 1425 NVMe SSD,Yes,Intel Xeon Scalable (Icelake),3.5 GHz,NA,75 Gigabit,true,Shared,192,Yes,AVX; Intel AVX; Intel AVX2; Intel AVX512; Intel Turbo,No License required,Yes,SQL Ent,64-bit,nitro,7500.0,260000
r4.large,Yes,Yes,15.25 GiB,400 Mbps,2,false,EBS only,Yes,Intel Xeon E5-2686 v4 (Broadwell),2.3 GHz,8,Up to 10 Gigabit,true,Shared,4,Yes,Intel AVX; Intel AVX2; Intel Turbo,No License required,Yes,SQL Std,64-bit,xen,53.125,3000
m5dn.8xlarge,No,No,128 GiB,5000 Mbps,32,false,2 x 600 NVMe SSD,No,Intel Xeon Platinum 8259 (Cascade Lake),3.1 GHz,NA,25 Gigabit,true,Shared,64,No,,No License required,Yes,SQL Std,64-bit,nitro,850.0,30000
g4dn.xlarge,Yes,Yes,16 GiB,3500 Mbps,4,false,125 GB NVMe SSD,Yes,Intel Xeon Family,2.5 GHz,NA,Up to 25 Gigabit,true,Shared,NA,Yes,Intel AVX; Intel AVX2; Intel AVX512; Intel Turbo,No License required,Yes,NA,64-bit,nitro,437.5,20000
x1.16xlarge,Yes,Yes,976 GiB,7000 Mbps,64,false,1 x 1920 SSD,Yes,High Frequency Intel Xeon E7-8880 v3 (Haswell),2.3 GHz,174.5,High,true,Shared,128,Yes,Intel AVX; Intel AVX2; Intel Turbo,No License required,Yes,SQL Std,64-bit,xen,875.0,40000
m4.large,Yes,Yes,8 GiB,450 Mbps,2,false,EBS only,Yes,Intel Xeon E5-2676 v3 (Haswell),2.4 GHz,6.5,Moderate,true,Shared,4,Yes,Intel AVX; Intel AVX2; Intel Turbo,No License required,Yes,SQL Std,64-bit,xen,56.25,3600
m6g.large,Yes,No,8 GiB,600 Mbps,2,false,EBS only,No,AWS Graviton2 Processor,,NA,Up to 10 Gigabit,true,Shared,4,No,,No License required,Yes,NA,64-bit,nitro,593.75,20000
d3.xlarge,Yes,Yes,32 GiB,Up to 2800 Mbps,4,false,3 x 2000 HDD,Yes,Intel Xeon Platinum 8259 (Cascade Lake),3.1 GHz,NA,Up to 15 Gigabit,true,Shared,8,Yes,AVX; AVX2; Intel AVX; Intel AVX2; Intel AVX512; Intel Turbo,No License required,Yes,SQL Std,64-bit,nitro,350.0,15000
c5a.12xlarge,Yes,No,96 GiB,4750 Mbps,48,false,EBS only,No,AMD EPYC 7R32,2.8 GHz,NA,12 Gigabit,true,Shared,96,No,AMD Turbo; AVX; AVX2,No License required,Yes,SQL Web,32-bit or 64-bit,nitro,593.75,20000
r5n.12xlarge,No,No,384 GiB,6000 Mbps,48,false,EBS only,No,Intel Xeon Platinum 8259 (Cascade Lake),2.5 GHz,NA,50 Gigabit,true,Shared,96,No,,No License required,Yes,NA,64-bit,nitro,1187.5,40000
c6g.12xlarge,Yes,No,96 GiB,13500 Mbps,48,false,EBS only,No,AWS Graviton2 Processor,2.5 GHz,NA,20 Gigabit,true,Shared,96,No,,No License required,Yes,NA,64-bit,nitro,1781.25,50000
r5dn.large,No,No,16 GiB,Up to 2120 Mbps,2,false,1 x 75 NVMe SSD,No,Intel Xeon Platinum 8259 (Cascade Lake),3.1 GHz,NA,Up to 25 Gigabit,true,Shared,4,No,,No License required,Yes,SQL Web,64-bit,nitro,593.75,18750
c6g.metal,Yes,No,128 GiB,19000 Mbps,64,false,EBS only,No,AWS Graviton2 Processor,2.5 GHz,NA,25 Gigabit,true,Shared,128,No,,No License required,Yes,NA,64-bit,nitro,2375.0,80000
m5a.xlarge,Yes,No,16 GiB,Up to 2120 Mbps,4,false,EBS only,No,AMD EPYC 7571,2.5 GHz,NA,Up to 10 Gigabit,true,Shared,8,No,AVX; AVX2; AMD Turbo,Bring your own license,Yes,NA,64-bit,nitro,360.0,16000
x2iedn.24xlarge,Yes,Yes,3072 GiB,60000 Mbps,96,false,2 x 1425 NVMe SSD,Yes,Intel Xeon Scalable (Icelake),3.5 GHz,NA,75 Gigabit,true,Shared,192,Yes,Intel AVX; Intel AVX2; Intel AVX512; Intel Turbo,No License required,Yes,NA,64-bit,nitro,7500.0,195000
c5ad.24xlarge,Yes,No,192 GiB,9500 Mbps,96,false,2 x 1900 NVMe SSD,No,AMD EPYC 7R32,2.8 GHz,NA,20 Gigabit,true,Shared,192,No,AMD Turbo; AVX; AVX2,No License required,Yes,SQL Std,64-bit,nitro,1187.5,40000
m4.xlarge,Yes,Yes,16 GiB,750 Mbps,4,false,EBS only,Yes,Intel Xeon E5-2676 v3 (Haswell),2.4 GHz,13,High,true,Shared,8,Yes,Intel AVX; Intel AVX2; Intel Turbo,No License required,Yes,SQL Ent,64-bit,xen,93.75,6000
g3.8xlarge,Yes,Yes,244 GiB,7000 Mbps,32,false,EBS only,Yes,Intel Xeon E5-2686 v4 (Broadwell),2.3 GHz,97,10 Gigabit,true,Shared,64,Yes,Intel AVX; Intel AVX2; Intel Turbo,No License required,Yes,NA,64-bit,xen,875.0,40000
r5.16xlarge,Yes,Yes,512 GiB,13600 Mbps,64,false,EBS only,Yes,Intel Xeon Platinum 8175,3.1 GHz,256,20 Gigabit,true,Shared,128,Yes,Intel AVX; Intel AVX2; Intel AVX512; Intel Turbo,No License required,Yes,SQL Ent,64-bit,nitro,1700.0,60000
g4dn.16xlarge,Yes,Yes,256 GiB,7000 Mbps,64,false,900 GB NVMe SSD,Yes,Intel Xeon Family,2.5 GHz,NA,50 Gigabit,true,Shared,NA,Yes,Intel AVX; Intel AVX2; Intel AVX512; Intel Turbo,No License required,Yes,NA,64-bit,nitro,1187.5,40000
m5d.8xlarge,Yes,Yes,128 GiB,5000 Mbps,32,false,2 x 600 NVMe SSD,Yes,Intel Xeon Platinum 8175,3.1 GHz,128,10 Gigabit,true,Shared,64,Yes,Intel AVX; Intel AVX2; Intel AVX512; Intel Turbo,No License required,Yes,SQL Ent,64-bit,nitro,850.0,30000
c6i.4xlarge,Yes,Yes,32 GiB,Up to 10000 Mbps,16,false,EBS only,Yes,Intel Xeon 8375C (Ice Lake),3.5 GHz,NA,Up to 12500 Megabit,true,Shared,32,Yes,Intel AVX; Intel AVX2; Intel AVX512; Intel Turbo,No License required,Yes,SQL Std,64-bit,nitro,1250.0,40000
m5dn.2xlarge,No,No,32 GiB,Up to 3500 Mbps,8,false,1 x 300 NVMe SSD,No,Intel Xeon Platinum 8259 (Cascade Lake),3.1 GHz,NA,Up to 25 Gigabit,true,Shared,16,No,,No License required,Yes,SQL Web,64-bit,nitro,593.75,18750
m6g.8xlarge,Yes,No,128 GiB,9000 Mbps,32,false,EBS only,No,AWS Graviton2 Processor,,NA,10 Gigabit,true,Shared,64,No,,No License required,Yes,NA,64-bit,nitro,1187.5,40000
r5dn.12xlarge,No,No,384 GiB,6000 Mbps,48,false,2 x 900 GB NVMe SSD,No,Intel Xeon Platinum 8259 (Cascade Lake),3.1 GHz,NA,50 Gigabit,true,Shared,96,No,,No License required,Yes,SQL Ent,64-bit,nitro,1187.5,40000
m5ad.xlarge,Yes,No,16 GiB,Up to 2120 Mbps,4,false,1 x 150 NVMe SSD,No,AMD EPYC 7571,2.5 GHz,NA,Up to 10 Gigabit,true,Shared,8,No,AVX; AVX2; AMD Turbo,No License required,Yes,SQL Ent,64-bit,nitro,360.0,16000
x1e.8xlarge,Yes,No,976 GiB,3500 Mbps,32,false,1 x 960 SSD,Yes,High Frequency Intel Xeon E7-8880 v3 (Haswell),2.3 GHz,91,Up to 10 Gigabit,true,Shared,64,Yes,Intel AVX; Intel AVX2,No License required,Yes,SQL Web,64-bit,xen,437.5,20000
r5.4xlarge,Yes,Yes,128 GiB,4750 Mbps,16,false,EBS only,Yes,Intel Xeon Platinum 8175,3.1 GHz,70,Up to 10 Gigabit,true,Shared,32,Yes,Intel AVX; Intel AVX2; Intel AVX512; Intel Turbo,No License required,Yes,SQL Ent,64-bit,nitro,593.75,18750
d2.xlarge,Yes,Yes,30.5 GiB,750 Mbps,4,true,3 x 2000 HDD,Yes,Intel Xeon E5-2676 v3 (Haswell),2.4 GHz,14,Moderate,true,Shared,8,Yes,Intel AVX; Intel AVX2; Intel Turbo,No License required,Yes,SQL Ent,64-bit,xen,93.75,6000
m6g.2xlarge,Yes,No,32 GiB,2250 Mbps,8,false,EBS only,No,AWS Graviton2 Processor,,NA,Up to 10 Gigabit,true,Shared,16,No,,No License required,Yes,NA,64-bit,nitro,593.75,20000
m1.medium,No,No,3.75 GiB,,1,true,1 x 410 SSD,No,Intel Xeon Family,,2,Moderate,true,Shared,2,No,,No License required,No,NA,32-bit or 64-bit,xen,50,100
r6i.12xlarge,Yes,Yes,384 GiB,15000 Mbps,48,false,EBS only,Yes,Intel Xeon 8375C (Ice Lake),3.5 GHz,NA,18750 Megabit,true,Shared,96,Yes,Intel AVX; Intel AVX2; Intel AVX512; Intel Turbo,No License required,Yes,SQL Ent,64-bit,nitro,1875.0,60000
c6gn.8xlarge,Yes,No,64 GiB,19000 Mbps,32,false,EBS only,No,AWS Graviton2 Processor,2.5 GHz,NA,50 Gigabit,true,Shared,64,No,,No License required,Yes,NA,64-bit,nitro,2375.0,80000
m5ad.large,Yes,No,8 GiB,Up to 2120 Mbps,2,false,1 x 75 NVMe SSD,No,AMD EPYC 7571,2.5 GHz,NA,Up to 10 Gigabit,true,Shared,4,No,AVX; AVX2; AMD Turbo,No License required,Yes,SQL Std,64-bit,nitro,360.0,16000
r6i.4xlarge,Yes,Yes,128 GiB,Up to 10000 Mbps,16,false,EBS only,Yes,Intel Xeon 8375C (Ice Lake),3.5 GHz,NA,Up to 12500 Megabit,true,Shared,32,Yes,Intel AVX; Intel AVX2; Intel AVX512; Intel Turbo,No License required,Yes,SQL Std,64-bit,nitro,1250.0,40000
t3a.nano,Yes,No,0.5 GiB,Up to 2085 Mbps,2,false,EBS only,No,AMD EPYC 7571,2.5 GHz,Variable,Up to 5 Gigabit,true,Shared,0.25,No,AVX; AVX2; AMD Turbo,No License required,Yes,NA,64-bit,nitro,260.625,11800
r5b.xlarge,Yes,No,32 GiB,Up to 10 Gbps,4,false,EBS only,No,Intel Xeon Platinum 8259 (Cascade Lake),3.1 GHz,NA,Up to 10 Gigabit,true,Shared,8,Yes,,No License required,Yes,NA,64-bit,nitro,1250.0,43333
r5d.4xlarge,Yes,Yes,128 GiB,2120 Mbps,16,false,2 x 300 NVMe SSD,Yes,Intel Xeon Platinum 8175,3.1 GHz,70,Up to 10 Gigabit,true,Shared,32,Yes,Intel AVX; Intel AVX2; Intel AVX512; Intel Turbo,No License required,Yes,SQL Std,64-bit,nitro,593.75,18750
r6gd.8xlarge,Yes,No,256 GiB,9000 Mbps,32,false,1 x 1900 NVMe SSD,No,AWS Graviton2 Processor,2.5 GHz,NA,10 Gigabit,true,Shared,64,No,,No License required,Yes,NA,64-bit,nitro,1187.5,40000
p3.2xlarge,Yes,Yes,61 GiB,1750 Mbps,8,false,EBS only,Yes,Intel Xeon E5-2686 v4 (Broadwell),2.3 GHz,31,Up to 10 Gigabit,true,Shared,16,Yes,Intel AVX; Intel AVX2; Intel Turbo,No License required,Yes,NA,64-bit,xen,218.75,10000
t3.small,No,Yes,2 GiB,Up to 2085 Mbps,2,false,EBS only,Yes,Intel Skylake E5 2686 v5,3.1 GHz,Variable,Up to 5 Gigabit,true,Shared,1,Yes,AVX; AVX2; Intel AVX; Intel AVX2; Intel AVX512; Intel Turbo,No License required,Yes,NA,64-bit,nitro,260.625,11800
m4.10xlarge,Yes,Yes,160 GiB,4000 Mbps,40,false,EBS only,Yes,Intel Xeon E5-2676 v3 (Haswell),2.4 GHz,124.5,10 Gigabit,true,Shared,80,Yes,Intel AVX; Intel AVX2; Intel Turbo,No License required,Yes,SQL Ent,64-bit,xen,500.0,32000
m5d.16xlarge,Yes,Yes,256 GiB,10000 Mbps,64,false,4 x 600 NVMe SSD,Yes,Intel Xeon Platinum 8175,3.1 GHz,256,20 Gigabit,true,Shared,128,Yes,Intel AVX; Intel AVX2; Intel AVX512; Intel Turbo,No License required,Yes,SQL Std,64-bit,nitro,1700.0,60000
m5n.12xlarge,No,No,192 GiB,7000 Mbps,48,false,EBS only,No,Intel Xeon Platinum 8259 (Cascade Lake),3.1 GHz,NA,50 Gigabit,true,Shared,96,No,,No License required,Yes,SQL Ent,64-bit,nitro,1187.5,40000
m5ad.8xlarge,Yes,No,128 GiB,3500 Mbps,32,false,2 x 600 NVMe SSD,No,AMD EPYC 7571,2.5 GHz,NA,Up to 10 Gigabit,true,Shared,64,No,AVX; AVX2; AMD Turbo,No License required,Yes,SQL Web,64-bit,nitro,593.75,20000
m6i.16xlarge,Yes,Yes,256 GiB,20000 Mbps,64,false,EBS only,Yes,Intel Xeon 8375C (Ice Lake),3.5 GHz,NA,25000 Megabit,true,Shared,128,Yes,Intel AVX; Intel AVX2; Intel AVX512; Intel Turbo,No License required,Yes,SQL Web,64-bit,nitro,2500.0,80000
r6i.16xlarge,Yes,Yes,512 GiB,20000 Mbps,64,false,EBS only,Yes,Intel Xeon 8375C (Ice Lake),3.5 GHz,NA,25000 Megabit,true,Shared,128,Yes,Intel AVX; Intel AVX2; Intel AVX512; Intel Turbo,No License required,Yes,SQL Std,64-bit,nitro,2500.0,80000
d2.8xlarge,Yes,Yes,244 GiB,4000 Mbps,36,true,24 x 2000 HDD,Yes,Intel Xeon E5-2676 v3 (Haswell),2.4 GHz,116,10 Gigabit,true,Shared,64,Yes,Intel AVX; Intel AVX2; Intel Turbo,No License required,Yes,NA,64-bit,xen,500.0,32000
c5a.4xlarge,Yes,No,32 GiB,Up to 3170 Mbps,16,false,EBS only,No,AMD EPYC 7R32,2.8 GHz,NA,Up to 10 Gigabit,true,Shared,32,No,AMD Turbo; AVX; AVX2,No License required,Yes,SQL Std,32-bit or 64-bit,nitro,396.25,13300
i4i.xlarge,Yes,Yes,32 GiB,Up to 10000 Mbps,4,false,1 x 937 NVMe SSD,Yes,Intel Xeon 8375C (Ice Lake),3.5 GHz,NA,Up to 10 Gigabit,true,Shared,8,Yes,Intel AVX; Intel AVX2; Intel AVX512; Intel Turbo,No License required,Yes,NA,64-bit,nitro,1250.0,40000
r3.4xlarge,Yes,Yes,122 GiB,,16,true,1 x 320 SSD,No,Intel Xeon E5-2670 v2 (Ivy Bridge),2.5 GHz,52,High,true,Shared,32,Yes,Intel AVX; Intel Turbo,No License required,No,SQL Std,64-bit,xen,250.0,16000
i3.8xlarge,Yes,Yes,244 GiB,7000 Mbps,32,false,4 x 1900 NVMe SSD,Yes,Intel Xeon E5-2686 v4 (Broadwell),2.3 GHz,97,10 Gigabit,true,Shared,64,Yes,Intel AVX; Intel AVX2; Intel Turbo,No License required,Yes,SQL Ent,64-bit,xen,875.0,32500
g5g.2xlarge,Yes,No,16 GiB,Up to 4500 Mbps,8,false,EBS only,No,AWS Graviton2 Processor,2.5 GHz,NA,Up to 10 Gigabit,true,Shared,1.323809524,No,,No License required,Yes,NA,64-bit,nitro,593.75,20000
t4g.nano,No,No,0.5 GiB,Up to 2085 Mbps,2,false,EBS only,No,AWS Graviton2 Processor,2.5 GHz,NA,Up to 5 Gigabit,true,Shared,0.25,No,,No License required,Yes,NA,64-bit,nitro,260.625,11800
c6g.xlarge,Yes,No,8 GiB,Up to 4500 Mbps,4,false,EBS only,No,AWS Graviton2 Processor,2.5 GHz,NA,Up to 10 Gigabit,true,Shared,8,No,,No License required,Yes,NA,64-bit,nitro,593.75,20000
u-6tb1.56xlarge,Yes,No,6144 GiB,38000 Mbps,224,false,EBS only,Yes,Intel Xeon Scalable (Skylake),,NA,100 Gigabit,true,Shared,NA,Yes,AVX; Intel AVX; Intel AVX2,No License required,Yes,SQL Ent,64-bit,nitro,4750.0,160000
c3.2xlarge,Yes,Yes,15 GiB,,8,true,2 x 80 SSD,No,Intel Xeon E5-2680 v2 (Ivy Bridge),2.8 GHz,28,High,true,Shared,16,Yes,Intel AVX; Intel Turbo,No License required,No,SQL Std,64-bit,xen,125.0,8000
m5n.16xlarge,No,No,256 GiB,10000 Mbps,64,false,EBS only,No,Intel Xeon Platinum 8259 (Cascade Lake),3.1 GHz,NA,75 Gigabit,true,Shared,128,No,,No License required,Yes,SQL Ent,64-bit,nitro,1700.0,60000
a1.4xlarge,Yes,No,32 GiB,3500 Mbps,16,false,EBS only,No,AWS Graviton Processor,2.3 GHz,NA,Up to 10 Gigabit,true,Shared,32,No,,No License required,Yes,NA,64-bit,nitro,437.5,20000
c5.24xlarge,Yes,Yes,192 GiB,14000 Mbps,96,false,EBS only,Yes,Intel Xeon Platinum 8275L,3 GHz,375,25 Gigabit,true,Shared,192,Yes,Intel AVX; Intel AVX2; Intel AVX512; Intel Deep Learning Boost; Intel Turbo,Bring your own license,Yes,NA,64-bit,nitro,2375.0,80000
r5ad.16xlarge,Yes,No,512 GiB,7000 Mbps,64,false,4 x 600 NVMe SSD,No,AMD EPYC 7571,2.5 GHz,NA,12 Gigabit,true,Shared,128,No,AVX; AVX2; AMD Turbo,No License required,Yes,SQL Std,64-bit,nitro,1187.5,40000
m5n.xlarge,No,No,16 GiB,Up to 3500 Mbps,4,false,EBS only,No,Intel Xeon Platinum 8259 (Cascade Lake),3.1 GHz,NA,Up to 25 Gigabit,true,Shared,8,No,,No License required,Yes,SQL Std,64-bit,nitro,593.75,18750
p2.16xlarge,Yes,Yes,732 GiB,10000 Mbps,64,false,EBS only,Yes,Intel Xeon E5-2686 v4 (Broadwell),2.3 GHz,201,20 Gigabit,true,Shared,128,Yes,Intel AVX; Intel AVX2; Intel Turbo,No License required,Yes,NA,64-bit,xen,1250.0,65000
r5dn.xlarge,No,No,32 GiB,Up to 2120 Mbps,4,false,1 x 150 NVMe SSD,No,Intel Xeon Platinum 8259 (Cascade Lake),3.1 GHz,NA,Up to 25 Gigabit,true,Shared,8,No,,No License required,Yes,NA,64-bit,nitro,593.75,18750
c1.xlarge,No,No,7 GiB,,8,true,4 x 420 SSD,No,Intel Xeon Family,,20,High,true,Shared,8,No,,No License required,No,SQL Std,64-bit,xen,125.0,8000
m6g.16xlarge,Yes,No,256 GiB,18000 Mbps,64,false,EBS only,No,AWS Graviton2 Processor,,NA,25 Gigabit,true,Shared,128,No,,No License required,Yes,NA,64-bit,nitro,2375.0,80000
c6gn.16xlarge,Yes,No,128 GiB,38000 Mbps,64,false,EBS only,No,AWS Graviton2 Processor,2.5 GHz,NA,100 Gigabit,true,Shared,128,No,,No License required,Yes,NA,64-bit,nitro,4750.0,160000
m6i.12xlarge,Yes,Yes,192 GiB,15000 Mbps,48,false,EBS only,Yes,Intel Xeon 8375C (Ice Lake),3.5 GHz,NA,18750 Megabit,true,Shared,96,Yes,Intel AVX; Intel AVX2; Intel AVX512; Intel Turbo,No License required,Yes,NA,64-bit,nitro,1875.0,60000
g5g.8xlarge,Yes,No,64 GiB,9500 Mbps,32,false,EBS only,No,AWS Graviton2 Processor,2.5 GHz,NA,Up to 12 Gigabit,true,Shared,3.266666667,No,,No License required,Yes,NA,64-bit,nitro,1187.5,40000
p2.8xlarge,Yes,Yes,488 GiB,5000 Mbps,32,false,EBS only,Yes,Intel Xeon E5-2686 v4 (Broadwell),2.3 GHz,97,10 Gigabit,true,Shared,64,Yes,Intel AVX; Intel AVX2; Intel Turbo,Bring your own license,Yes,NA,64-bit,xen,625.0,32500
z1d.large,Yes,Yes,16 GiB,Up to 2333 Mbps,2,false,1 x 75 NVMe SSD,Yes,Intel Xeon Platinum 8151,4 GHz,12,Up to 10 Gigabit,true,Shared,4,Yes,Intel AVX; Intel AVX2; Intel AVX512; Intel Turbo,No License required,Yes,NA,64-bit,nitro,396.25,13333
g4dn.8xlarge,Yes,Yes,128 GiB,7000 Mbps,32,false,900 GB NVMe SSD,Yes,Intel Xeon Family,2.5 GHz,NA,50 Gigabit,true,Shared,NA,Yes,Intel AVX; Intel AVX2; Intel AVX512; Intel Turbo,No License required,Yes,NA,64-bit,nitro,1187.5,40000
c4.8xlarge,Yes,Yes,60 GiB,4000 Mbps,36,false,EBS only,Yes,Intel Xeon E5-2666 v3 (Haswell),2.9 GHz,132,10 Gigabit,true,Shared,64,Yes,Intel AVX; Intel AVX2; Intel Turbo,No License required,Yes,SQL Ent,64-bit,xen,500.0,32000
c6gd.medium,Yes,No,2 GiB,Up to 4500 Mbps,1,false,1 x 59 NVMe SSD,No,AWS Graviton2 Processor,2.5 GHz,NA,Up to 10 Gigabit,true,Shared,2,No,,No License required,Yes,NA,64-bit,nitro,593.75,20000
r6gd.xlarge,Yes,No,32 GiB,Up to 4500 Mbps,4,false,1 x 237 NVMe SSD,No,AWS Graviton2 Processor,2.5 GHz,NA,Up to 10 Gigabit,true,Shared,8,No,,No License required,Yes,NA,64-bit,nitro,593.75,20000
r6gd.large,Yes,No,16 GiB,Up to 4500 Mbps,2,false,1 x 118 NVMe SSD,No,AWS Graviton2 Processor,2.5 GHz,NA,Up to 10 Gigabit,true,Shared,4,No,,No License required,Yes,NA,64-bit,nitro,593.75,20000
i4i.metal,Yes,Yes,1024 GiB,40000 Mbps,128,false,8 x 3750 NVMe SSD,Yes,Intel Xeon 8375C (Ice Lake),3.5 GHz,NA,75000 Megabit,true,Shared,256,Yes,Intel AVX; Intel AVX2; Intel AVX512; Intel Turbo,No License required,Yes,SQL Web,64-bit,nitro,5000.0,160000
m4.16xlarge,Yes,Yes,256 GiB,10000 Mbps,64,false,EBS only,Yes,Intel Xeon E5-2686 v4 (Broadwell),2.4 GHz,188,20 Gigabit,true,Shared,128,Yes,Intel AVX; Intel AVX2; Intel Turbo,No License required,Yes,NA,64-bit,xen,1250.0,65000
r5.large,Yes,Yes,16 GiB,Up to 4750 Mbps,2,false,EBS only,Yes,Intel Xeon Platinum 8175,3.1 GHz,10,Up to 10 Gigabit,true,Shared,4,Yes,Intel AVX; Intel AVX2; Intel AVX512; Intel Turbo,No License required,Yes,NA,64-bit,nitro,593.75,18750
m6i.4xlarge,Yes,Yes,64 GiB,Up to 10000 Mbps,16,false,EBS only,Yes,Intel Xeon 8375C (Ice Lake),3.5 GHz,NA,Up to 12500 Megabit,true,Shared,32,Yes,Intel AVX; Intel AVX2; Intel AVX512; Intel Turbo,No License required,Yes,SQL Std,64-bit,nitro,1250.0,40000
m3.2xlarge,No,Yes,30 GiB,1000 Mbps,8,true,2 x 80 SSD,No,Intel Xeon E5-2670 v2 (Ivy Bridge/Sandy Bridge),2.5 GHz,26,High,true,Shared,16,Yes,Intel AVX; Intel Turbo,No License required,No,SQL Std,64-bit,xen,125.0,8000
g2.2xlarge,No,Yes,15 GiB,,8,true,1 x 60 SSD,No,Intel Xeon E5-2670 (Sandy Bridge),2.6 GHz,26,Moderate,true,Shared,16,Yes,Intel AVX; Intel Turbo,No License required,No,SQL Std,64-bit,xen,125.0,8000
c6gd.8xlarge,Yes,No,64 GiB,9000 Mbps,32,false,1 x 1900 NVMe SSD,No,AWS Graviton2 Processor,2.5 GHz,NA,10 Gigabit,true,Shared,64,No,,No License required,Yes,NA,64-bit,nitro,1187.5,40000
m5zn.12xlarge,Yes,Yes,192 GiB,19000 Mbps,48,false,EBS only,Yes,Intel Xeon Platinum 8252,4.5 GHz,NA,100 Gigabit,true,Shared,96,Yes,Intel AVX; Intel AVX2; Intel AVX512; Intel Turbo,No License required,Yes,SQL Ent,64-bit,nitro,2375.0,80000
g5g.xlarge,Yes,No,8 GiB,Up to 3500 Mbps,4,false,EBS only,No,AWS Graviton2 Processor,2.5 GHz,NA,Up to 10 Gigabit,true,Shared,1,No,,No License required,Yes,NA,64-bit,nitro,593.75,20000
r5ad.large,Yes,No,16 GiB,Up to 2120 Mbps,2,false,1 x 75 NVMe SSD,No,AMD EPYC 7571,2.5 GHz,NA,Up to 10 Gigabit,true,Shared,4,No,AVX; AVX2; AMD Turbo,No License required,Yes,SQL Std,64-bit,nitro,360.0,16000
i3en.2xlarge,Yes,Yes,64 GiB,Up to 3500 Mbps,8,false,2 x 2500 NVMe SSD,Yes,Intel Xeon Platinum 8175,3.1 GHz,37,Up to 25 Gigabit,true,Shared,16,Yes,Intel AVX; Intel AVX2; Intel AVX512; Intel Turbo,No License required,Yes,SQL Std,64-bit,nitro,593.75,20000
m5a.2xlarge,Yes,No,32 GiB,Up to 2120 Mbps,8,false,EBS only,No,AMD EPYC 7571,2.5 GHz,NA,Up to 10 Gigabit,true,Shared,16,No,AVX; AVX2; AMD Turbo,No License required,Yes,NA,64-bit,nitro,360.0,16000
r5n.2xlarge,No,No,64 GiB,Up to 2120 Mbps,8,false,EBS only,No,Intel Xeon Platinum 8259 (Cascade Lake),2.5 GHz,NA,Up to 25 Gigabit,true,Shared,16,No,,No License required,Yes,SQL Ent,64-bit,nitro,593.75,18750
g5g.4xlarge,Yes,No,32 GiB,4750 Mbps,16,false,EBS only,No,AWS Graviton2 Processor,2.5 GHz,NA,Up to 10 Gigabit,true,Shared,1.971428571,No,,No License required,Yes,NA,64-bit,nitro,593.75,20000
r6g.16xlarge,Yes,No,512 GiB,18000 Mbps,64,false,EBS only,No,AWS Graviton2 Processor,2.5 GHz,NA,25 Gigabit,true,Shared,128,No,,No License required,Yes,NA,64-bit,nitro,2375.0,80000
m5ad.12xlarge,Yes,No,192 GiB,5000 Mbps,48,false,2 x 900 NVMe SSD,No,AMD EPYC 7571,2.5 GHz,NA,10 Gigabit,true,Shared,96,No,AVX; AVX2; AMD Turbo,No License required,Yes,SQL Std,64-bit,nitro,847.5,30000
c6g.4xlarge,Yes,No,32 GiB,4500 Mbps,16,false,EBS only,No,AWS Graviton2 Processor,2.5 GHz,NA,Up to 10 Gigabit,true,Shared,32,No,,No License required,Yes,NA,64-bit,nitro,593.75,20000
m6gd.16xlarge,Yes,No,256 GiB,18000 Mbps,64,false,2 x 1900 NVMe SSD,No,AWS Graviton2 Processor,2.5 GHz,NA,25 Gigabit,true,Shared,128,No,,No License required,Yes,NA,64-bit,nitro,2375.0,80000
g2.8xlarge,No,Yes,60 GiB,,32,true,2 x 120 SSD,No,Intel Xeon E5-2670 (Sandy Bridge),2.6 GHz,104,High,true,Shared,64,Yes,Intel AVX; Intel Turbo,No License required,No,SQL Ent,64-bit,xen,50,100
r6gd.metal,Yes,No,512 GiB,18000 Mbps,64,false,2 x 1900 NVMe SSD,No,AWS Graviton2 Processor,2.5 GHz,NA,25 Gigabit,true,Shared,128,No,,No License required,Yes,NA,64-bit,nitro,2375.0,80000
t3a.large,Yes,No,8 GiB,Up to 2780 Mbps,2,false,EBS only,No,AMD EPYC 7571,2.5 GHz,Variable,Up to 5 Gigabit,true,Shared,4,No,AVX; AVX2; AMD Turbo,No License required,Yes,NA,64-bit,nitro,347.5,15700
m6gd.4xlarge,Yes,No,64 GiB,4500 Mbps,16,false,1 x 950 NVMe SSD,No,AWS Graviton2 Processor,2.5 GHz,NA,Up to 10 Gigabit,true,Shared,32,No,,No License required,Yes,NA,64-bit,nitro,593.75,20000
r6g.8xlarge,Yes,No,256 GiB,9000 Mbps,32,false,EBS only,No,AWS Graviton2 Processor,2.5 GHz,NA,10 Gigabit,true,Shared,64,No,,No License required,Yes,NA,64-bit,nitro,1187.5,40000
t3.nano,No,Yes,0.5 GiB,Up to 2085 Mbps,2,false,EBS only,Yes,Intel Skylake E5 2686 v5,3.1 GHz,Variable,Up to 5 Gigabit,true,Shared,0.25,Yes,AVX; AVX2; Intel AVX; Intel AVX2; Intel AVX512; Intel Turbo,No License required,Yes,NA,64-bit,nitro,260.625,11800
m6gd.large,Yes,No,8 GiB,Up to 4500 Mbps,2,false,1 x 118 NVMe SSD,No,AWS Graviton2 Processor,2.5 GHz,NA,Up to 10 Gigabit,true,Shared,4,No,,No License required,Yes,NA,64-bit,nitro,593.75,20000
t4g.micro,No,No,1 GiB,Up to 2085 Mbps,2,false,EBS only,No,AWS Graviton2 Processor,2.5 GHz,NA,Up to 5 Gigabit,true,Shared,0.5,No,,No License required,Yes,NA,64-bit,nitro,260.625,11800
t2.micro,No,Yes,1 GiB,,1,false,EBS only,No,Intel Xeon Family,Up to 3.3 GHz,Variable,Low to Moderate,true,Shared,0.5,Yes,Intel AVX; Intel Turbo,No License required,Yes,NA,32-bit or 64-bit,xen,50,100
m6gd.12xlarge,Yes,No,192 GiB,13500 Mbps,48,false,2 x 1425 NVMe SSD,No,AWS Graviton2 Processor,2.5 GHz,NA,20 Gigabit,true,Shared,96,No,,No License required,Yes,NA,64-bit,nitro,1781.25,50000
m5.large,Yes,Yes,8 GiB,Up to 2120 Mbps,2,false,EBS only,Yes,Intel Xeon Platinum 8175,3.1 GHz,10,Up to 10 Gigabit,true,Shared,4,Yes,Intel AVX; Intel AVX2; Intel AVX512; Intel Turbo,No License required,Yes,SQL Web,64-bit,nitro,593.75,18750
m6gd.metal,Yes,No,256 GiB,18000 Mbps,64,false,2 x 1900 NVMe SSD,No,AWS Graviton2 Processor,2.5 GHz,NA,25 Gigabit,true,Shared,128,No,,No License required,Yes,NA,64-bit,nitro,2375.0,80000
g4dn.12xlarge,Yes,Yes,192 GiB,7000 Mbps,48,false,900 GB NVMe SSD,Yes,Intel Xeon Family,2.5 GHz,NA,50 Gigabit,true,Shared,NA,Yes,Intel AVX; Intel AVX2; Intel AVX512; Intel Turbo,No License required,Yes,NA,64-bit,nitro,1187.5,40000
t1.micro,No,No,0.613 GiB,,1,false,EBS only,No,Variable,,Variable,Very Low,true,Shared,0.5,No,,No License required,No,NA,32-bit or 64-bit,xen,50,100
g5g.16xlarge,Yes,No,128 GiB,19000 Mbps,64,false,EBS only,No,AWS Graviton2 Processor,2.5 GHz,NA,25 Gigabit,true,Shared,6.533333333,No,,No License required,Yes,NA,64-bit,nitro,2375.0,80000
r6gd.medium,Yes,No,8 GiB,Up to 4500 Mbps,1,false,1 x 59 NVMe SSD,No,AWS Graviton2 Processor,2.5 GHz,NA,Up to 10 Gigabit,true,Shared,2,No,,No License required,Yes,NA,64-bit,nitro,593.75,20000
c6gd.4xlarge,Yes,No,32 GiB,4500 Mbps,16,false,1 x 950 NVMe SSD,No,AWS Graviton2 Processor,2.5 GHz,NA,Up to 10 Gigabit,true,Shared,32,No,,No License required,Yes,NA,64-bit,nitro,593.75,20000
t2.medium,No,Yes,4 GiB,,2,false,EBS only,No,Intel Xeon Family,Up to 3.3 GHz,Variable,Low to Moderate,true,Shared,2,Yes,Intel AVX; Intel Turbo,No License required,Yes,SQL Web,32-bit or 64-bit,xen,50,100
c6gn.12xlarge,Yes,No,96 GiB,28500 Mbps,48,false,EBS only,No,AWS Graviton2 Processor,2.5 GHz,NA,75 Gigabit,true,Shared,96,No,,No License required,Yes,NA,64-bit,nitro,3562.5,120000
c6gn.xlarge,Yes,No,8 GiB,Up to 9500 Mbps,4,false,EBS only,No,AWS Graviton2 Processor,2.5 GHz,NA,Up to 25 Gigabit,true,Shared,8,No,,No License required,Yes,NA,64-bit,nitro,1187.5,40000
m6g.4xlarge,Yes,No,64 GiB,4500 Mbps,16,false,EBS only,No,AWS Graviton2 Processor,,NA,Up to 10 Gigabit,true,Shared,32,No,,No License required,Yes,NA,64-bit,nitro,593.75,20000
g4dn.4xlarge,Yes,Yes,64 GiB,3500 Mbps,16,false,225 GB NVMe SSD,Yes,Intel Xeon Family,2.5 GHz,NA,Up to 25 Gigabit,true,Shared,NA,Yes,Intel AVX; Intel AVX2; Intel AVX512; Intel Turbo,No License required,Yes,NA,64-bit,nitro,593.75,20000
inf1.6xlarge,No,No,48 GiB,3500 Mbps,24,false,EBS only,No,Intel Xeon Platinum 8275CL (Cascade Lake),,NA,25 Gigabit,true,Shared,NA,No,,No License required,Yes,SQL Ent,64-bit,nitro,593.75,20000
c6gn.2xlarge,Yes,No,16 GiB,Up to 9500 Mbps,8,false,EBS only,No,AWS Graviton2 Processor,2.5 GHz,NA,Up to 25 Gigabit,true,Shared,16,No,,No License required,Yes,NA,64-bit,nitro,1187.5,40000
m6gd.2xlarge,Yes,No,32 GiB,Up to 4500 Mbps,8,false,1 x 475 NVMe SSD,No,AWS Graviton2 Processor,2.5 GHz,NA,Up to 10 Gigabit,true,Shared,16,No,,No License required,Yes,NA,64-bit,nitro,593.75,20000
c6gd.xlarge,Yes,No,8 GiB,Up to 4500 Mbps,4,false,1 x 237 NVMe SSD,No,AWS Graviton2 Processor,2.5 GHz,NA,Up to 10 Gigabit,true,Shared,8,No,,No License required,Yes,NA,64-bit,nitro,593.75,20000
p3.16xlarge,Yes,Yes,488 GiB,14000 Mbps,64,false,EBS only,Yes,Intel Xeon E5-2686 v4 (Broadwell),2.3 GHz,201,25 Gigabit,true,Shared,128,Yes,Intel AVX; Intel AVX2; Intel Turbo,Bring your own license,Yes,NA,64-bit,,,
t2.nano,No,Yes,0.5 GiB,,1,false,EBS only,No,Intel Xeon Family,Up to 3.3 GHz,Variable,Low,true,Shared,0.25,Yes,Intel AVX; Intel Turbo,No License required,Yes,NA,32-bit or 64-bit,xen,50,100
a1.metal,Yes,No,32 GiB,3500 Mbps,16,false,EBS only,No,AWS Graviton Processor,2.3 GHz,NA,Up to 10 Gigabit,true,Shared,32,No,,No License required,Yes,NA,64-bit,nitro,437.5,20000
r6g.metal,Yes,No,512 GiB,18000 Mbps,64,false,EBS only,No,AWS Graviton2 Processor,2.5 GHz,NA,25 Gigabit,true,Shared,128,No,,No License required,Yes,NA,64-bit,nitro,2375.0,80000
c6g.large,Yes,No,4 GiB,Up to 4500 Mbps,2,false,EBS only,No,AWS Graviton2 Processor,2.5 GHz,NA,Up to 10 Gigabit,true,Shared,4,No,,No License required,Yes,NA,64-bit,nitro,593.75,20000
r6gd.2xlarge,Yes,No,64 GiB,Up to 4500 Mbps,8,false,1 x 475 NVMe SSD,No,AWS Graviton2 Processor,2.5 GHz,NA,Up to 10 Gigabit,true,Shared,16,No,,No License required,Yes,NA,64-bit,nitro,593.75,20000
r6g.large,Yes,No,16 GiB,Up to 4500 Mbps,2,false,EBS only,No,AWS Graviton2 Processor,2.5 GHz,NA,Up to 10 Gigabit,true,Shared,4,No,,No License required,Yes,NA,64-bit,nitro,593.75,20000
t4g.large,No,No,8 GiB,Up to 2780 Mbps,2,false,EBS only,No,AWS Graviton2 Processor,2.5 GHz,NA,Up to 5 Gigabit,true,Shared,4,No,,No License required,Yes,NA,64-bit,nitro,347.5,15700
c6gd.2xlarge,Yes,No,16 GiB,Up to 4500 Mbps,8,false,1 x 475 NVMe SSD,No,AWS Graviton2 Processor,2.5 GHz,NA,Up to 10 Gigabit,true,Shared,16,No,,No License required,Yes,NA,64-bit,nitro,593.75,20000
a1.large,Yes,No,4 GiB,Up to 3500 Mbps,2,false,EBS only,No,AWS Graviton Processor,2.3 GHz,NA,Up to 10 Gigabit,true,Shared,4,No,,No License required,Yes,NA,64-bit,nitro,437.5,20000
c6g.medium,Yes,No,2 GiB,Up to 4500 Mbps,1,false,EBS only,No,AWS Graviton2 Processor,2.5 GHz,NA,Up to 10 Gigabit,true,Shared,2,No,,No License required,Yes,NA,64-bit,nitro,593.75,20000
r6g.2xlarge,Yes,No,64 GiB,Up to 4500 Mbps,8,false,EBS only,No,AWS Graviton2 Processor,2.5 GHz,NA,Up to 10 Gigabit,true,Shared,16,No,,No License required,Yes,NA,64-bit,nitro,593.75,20000
a1.medium,Yes,No,2 GiB,Up to 3500 Mbps,1,false,EBS only,No,AWS Graviton Processor,2.3 GHz,NA,Up to 10 Gigabit,true,Shared,2,No,,No License required,Yes,NA,64-bit,nitro,437.5,20000
g5g.metal,Yes,No,128 GiB,19000 Mbps,64,false,EBS only,No,AWS Graviton2 Processor,2.5 GHz,NA,25 Gigabit,true,Shared,6.533333333,No,,No License required,Yes,NA,64-bit,nitro,2375.0,80000
c1.medium,No,No,1.7 GiB,,2,true,1 x 350 SSD,No,Intel Xeon Family,,5,Moderate,true,Shared,2,No,,No License required,No,NA,32-bit or 64-bit,xen,50,100
